pef_max,temperature,temperature_min,temperature_max,pressure,humidity,wind_speed,wind_deg,aqi,hr
0.6894409937888198,20.95,19.05,22.1,1022.0,83.0,2.15,201.0,5.0,94.0
0.6086956521739131,16.64,15.44,17.99,1016.0,83.0,4.83,124.0,4.0,100.0
0.556935817805383,17.73,16.63,19.1,1007.0,82.0,3.3,160.0,4.0,89.0
0.5652173913043478,17.65,17.02,18.39,1008.0,91.0,4.59,196.0,2.0,82.0
0.6811594202898551,19.84,18.85,20.44,1014.0,90.0,5.24,268.0,1.0,93.0
0.6045548654244306,14.58,12.74,15.65,1018.0,82.0,3.78,310.0,1.0,115.0
0.6708074534161491,14.58,12.74,15.65,1018.0,82.0,3.78,310.0,1.0,97.0
0.6418219461697723,12.46,10.52,13.98,1020.0,87.0,3.22,59.0,2.0,96.0
0.6231884057971014,12.46,10.52,13.98,1020.0,87.0,3.22,59.0,2.0,110.0
0.5072463768115942,16.25,15.06,17.1,1014.0,92.0,5.68,94.0,1.0,86.0
0.650103519668737,16.25,15.06,17.1,1014.0,92.0,5.68,94.0,1.0,88.0
0.5507246376811594,15.47,13.95,16.05,1013.0,92.0,7.43,343.0,1.0,109.0
0.6708074534161491,15.47,13.95,16.05,1013.0,92.0,7.43,343.0,1.0,99.0
0.6149068322981367,12.67,11.63,13.54,1017.0,91.0,3.35,245.0,3.0,96.0
0.6314699792960663,12.67,11.63,13.54,1017.0,91.0,3.35,245.0,3.0,117.0
0.6086956521739131,13.31,11.55,14.65,1014.0,91.0,2.94,222.0,2.0,112.0
0.6853002070393375,13.31,11.55,14.65,1014.0,91.0,2.94,222.0,2.0,110.0
0.598343685300207,12.3,10.44,14.1,1015.0,81.0,3.2,140.0,2.0,103.0
0.5590062111801242,12.3,10.44,14.1,1015.0,81.0,3.2,140.0,2.0,107.0
0.6149068322981367,16.06,15.44,16.88,1013.0,92.0,4.47,131.0,2.0,90.0
0.6935817805383023,16.06,15.44,16.88,1013.0,92.0,4.47,131.0,2.0,86.0
0.5942028985507246,17.12,16.0700000000001,18.05,1023.0,85.0,3.26,88.0,2.0,85.0
0.6894409937888198,17.12,16.0700000000001,18.05,1023.0,85.0,3.26,88.0,2.0,115.0
0.5693581780538303,12.05,10.02,12.05,1029.0,97.0,3.88,253.0,2.0,90.0
0.7432712215320911,12.05,10.02,12.05,1029.0,97.0,3.88,253.0,2.0,109.0
0.650103519668737,10.3,9.02000000000004,11.3200000000001,1028.0,87.0,3.81,225.0,2.0,104.0
0.6708074534161491,10.3,9.02000000000004,11.3200000000001,1028.0,87.0,3.81,225.0,2.0,94.0
0.6977225672877847,17.18,16.25,18.02,1017.0,82.0,8.95,267.0,1.0,101.0
0.7184265010351967,17.18,16.25,18.02,1017.0,82.0,8.95,267.0,1.0,84.0
0.6128364389233955,11.52,10.02,12.31,1015.0,96.0,4.4,239.0,1.0,97.0
0.6418219461697723,11.52,10.02,12.31,1015.0,96.0,4.4,239.0,1.0,83.0
0.6314699792960663,17.17,16.03,17.66,1014.0,95.0,1.88,263.0,1.0,104.0
0.722567287784679,17.17,16.03,17.66,1014.0,95.0,1.88,263.0,1.0,91.0
0.6666666666666666,14.89,13.81,16.05,1011.0,94.0,4.01,157.0,1.0,77.0
0.722567287784679,14.89,13.81,16.05,1011.0,94.0,4.01,157.0,1.0,114.0
0.7494824016563147,17.1,16.48,17.9,1005.0,87.0,6.69,170.0,1.0,104.0
0.7329192546583851,17.1,16.48,17.9,1005.0,87.0,6.69,170.0,1.0,82.0
0.7287784679089027,10.99,10.52,11.63,1018.0,81.0,6.07,194.0,1.0,111.0
0.7598343685300207,10.99,10.52,11.63,1018.0,81.0,6.07,194.0,1.0,103.0
0.6356107660455487,9.12,7.84000000000003,10.48,1012.0,87.0,8.62,273.0,1.0,110.0
0.6542443064182195,9.12,7.84000000000003,10.48,1012.0,87.0,8.62,273.0,1.0,92.0
0.650103519668737,14.14,13.02,14.88,1008.0,71.0,8.21,205.0,1.0,108.0
0.7122153209109731,14.14,13.02,14.88,1008.0,71.0,8.21,205.0,1.0,91.0
0.6356107660455487,12.93,11.17,14.36,997.0,83.0,7.13,219.0,1.0,83.0
0.6666666666666666,12.93,11.17,14.36,997.0,83.0,7.13,219.0,1.0,103.0
0.6356107660455487,10.08,8.99000000000001,11.3200000000001,1010.0,88.0,14.08,304.0,1.0,102.0
0.6418219461697723,10.08,8.99000000000001,11.3200000000001,1010.0,88.0,14.08,304.0,1.0,85.0
0.6418219461697723,11.78,10.99,12.99,1024.0,93.0,5.03,188.0,1.0,83.0
0.6356107660455487,11.78,10.99,12.99,1024.0,93.0,5.03,188.0,1.0,84.0
0.6376811594202898,14.8,13.21,15.65,1029.0,95.0,3.54,188.0,2.0,97.0
0.650103519668737,14.8,13.21,15.65,1029.0,95.0,3.54,188.0,2.0,99.0
0.722567287784679,9.45000000000005,6.02000000000004,13.21,1029.0,100.0,1.81,144.0,4.0,107.0
0.7329192546583851,9.45000000000005,6.02000000000004,13.21,1029.0,100.0,1.81,144.0,4.0,84.0
0.6542443064182195,10.7,7.74000000000001,12.99,1027.0,93.0,3.02,290.0,3.0,101.0
0.6935817805383023,10.7,7.74000000000001,12.99,1027.0,93.0,3.02,290.0,3.0,84.0
0.6935817805383023,8.84000000000003,6.02000000000004,10.77,1029.0,80.0,6.44,332.0,1.0,99.0
0.6708074534161491,8.84000000000003,6.02000000000004,10.77,1029.0,80.0,6.44,332.0,1.0,100.0
0.6542443064182195,10.25,8.29000000000002,12.19,1023.0,93.0,7.91,319.0,1.0,88.0
0.5507246376811594,10.25,8.29000000000002,12.19,1023.0,93.0,7.91,319.0,1.0,88.0
0.6459627329192547,6.64000000000004,3.05000000000001,11.55,1026.0,93.0,3.65,272.0,1.0,91.0
0.6853002070393375,6.64000000000004,3.05000000000001,11.55,1026.0,93.0,3.65,272.0,1.0,99.0
0.6356107660455487,11.48,10.44,12.43,1023.0,87.0,6.45,261.0,1.0,73.0
0.6459627329192547,10.01,9.32000000000005,10.99,1017.0,93.0,5.75,186.0,2.0,101.0
0.6314699792960663,15.65,14.88,17.18,1012.0,100.0,4.41,196.0,1.0,91.0
0.7080745341614907,15.33,14.36,16.05,1000.0,90.0,6.85,229.0,1.0,82.0
0.6708074534161491,15.33,14.36,16.05,1000.0,90.0,6.85,229.0,1.0,87.0
0.6376811594202898,8.26000000000005,7.66000000000003,9.05000000000001,996.0,87.0,14.05,336.0,1.0,106.0
0.6231884057971014,8.48000000000002,7.21000000000004,9.92000000000002,1012.0,83.0,10.3,292.0,2.0,100.0
0.650103519668737,8.48000000000002,7.21000000000004,9.92000000000002,1012.0,83.0,10.3,292.0,2.0,112.0
0.7122153209109731,8.0,6.42000000000002,9.52000000000004,1020.0,91.0,5.04,200.0,1.0,97.0
0.6356107660455487,8.0,6.42000000000002,9.52000000000004,1020.0,91.0,5.04,200.0,1.0,85.0
0.6356107660455487,10.18,9.19,11.21,1012.0,83.0,9.94,190.0,2.0,87.0
0.6708074534161491,9.99000000000001,8.85000000000002,11.3200000000001,1013.0,93.0,6.88,219.0,1.0,91.0
0.5942028985507246,9.99000000000001,8.85000000000002,11.3200000000001,1013.0,93.0,6.88,219.0,1.0,89.0
0.6149068322981367,8.18000000000001,7.10000000000002,9.40000000000003,1015.0,93.0,6.47,225.0,1.0,111.0
0.6853002070393375,8.18000000000001,7.10000000000002,9.40000000000003,1015.0,93.0,6.47,225.0,1.0,88.0
0.650103519668737,14.17,13.36,15.11,1015.0,87.0,10.37,229.0,1.0,109.0
0.6894409937888198,14.17,13.36,15.11,1015.0,87.0,10.37,229.0,1.0,117.0
0.6853002070393375,11.72,10.44,13.21,1011.0,81.0,9.7,193.0,1.0,101.0
0.5921325051759835,11.72,10.44,13.21,1011.0,81.0,9.7,193.0,1.0,87.0
0.6190476190476191,12.7,11.97,13.41,990.0,92.0,11.48,174.0,1.0,77.0
0.6977225672877847,8.62,8.21000000000004,9.10000000000002,989.0,76.0,12.21,224.0,1.0,96.0
0.6542443064182195,2.61000000000001,1.59000000000003,3.21000000000004,997.0,86.0,4.37,248.0,1.0,90.0
0.6811594202898551,2.61000000000001,1.59000000000003,3.21000000000004,997.0,86.0,4.37,248.0,1.0,76.0
0.7432712215320911,2.42000000000002,2.05000000000001,4.65000000000003,1001.0,83.0,4.21,294.0,1.0,104.0
0.6935817805383023,2.42000000000002,2.05000000000001,4.65000000000003,1001.0,83.0,4.21,294.0,1.0,82.0
0.7122153209109731,6.84000000000003,5.96000000000004,8.39000000000004,1009.0,78.0,9.85,359.0,1.0,107.0
0.7287784679089027,6.84000000000003,5.96000000000004,8.39000000000004,1009.0,78.0,9.85,359.0,1.0,78.0
0.6749482401656315,4.64000000000004,0.520000000000039,6.32000000000005,1023.0,82.0,5.9,305.0,1.0,96.0
0.8074534161490683,4.64000000000004,0.520000000000039,6.32000000000005,1023.0,82.0,5.9,305.0,1.0,108.0
0.6749482401656315,8.68000000000001,8.21000000000004,9.10000000000002,1024.0,87.0,7.47,236.0,1.0,88.0
0.7494824016563147,8.68000000000001,8.21000000000004,9.10000000000002,1024.0,87.0,7.47,236.0,1.0,113.0
0.7287784679089027,7.58000000000004,7.03000000000003,9.21000000000004,1016.0,81.0,0.45,66.0,2.0,119.0
0.6666666666666666,7.58000000000004,7.03000000000003,9.21000000000004,1016.0,81.0,0.45,66.0,2.0,87.0
0.6190476190476191,5.01000000000005,3.02000000000004,6.20000000000005,1022.0,86.0,3.95,261.0,1.0,91.0
0.6935817805383023,5.01000000000005,3.02000000000004,6.20000000000005,1022.0,86.0,3.95,261.0,1.0,91.0
0.7080745341614907,11.02,9.92000000000002,11.3200000000001,1021.0,93.0,6.39,220.0,1.0,84.0
0.7391304347826086,11.02,9.92000000000002,11.3200000000001,1021.0,93.0,6.39,220.0,1.0,71.0
0.6894409937888198,10.71,9.88,11.76,1021.0,93.0,3.56,243.0,1.0,100.0
0.6708074534161491,10.71,9.88,11.76,1021.0,93.0,3.56,243.0,1.0,95.0
0.6977225672877847,10.84,9.54000000000002,11.76,1023.0,93.0,2.49,262.0,2.0,93.0
0.6708074534161491,9.91000000000003,9.40000000000003,10.21,1011.0,93.0,9.72,192.0,2.0,87.0
0.6356107660455487,9.91000000000003,9.40000000000003,10.21,1011.0,93.0,9.72,192.0,2.0,77.0
0.7039337474120083,11.23,10.56,12.27,1013.0,81.0,7.81,316.0,1.0,109.0
0.6625258799171843,11.23,10.56,12.27,1013.0,81.0,7.81,316.0,1.0,79.0
0.7329192546583851,11.31,10.52,12.05,1023.0,93.0,6.28,54.0,1.0,108.0
0.722567287784679,11.31,10.52,12.05,1023.0,93.0,6.28,54.0,1.0,71.0
0.6853002070393375,9.39000000000004,8.02000000000004,10.21,1027.0,93.0,2.04,123.0,1.0,102.0
0.6977225672877847,7.63,3.42000000000002,9.32000000000005,1023.0,100.0,3.65,222.0,2.0,90.0
0.6853002070393375,7.63,3.42000000000002,9.32000000000005,1023.0,100.0,3.65,222.0,2.0,87.0
0.6853002070393375,7.03000000000003,5.48000000000002,8.54000000000002,1020.0,81.0,7.89,297.0,1.0,110.0
0.6977225672877847,7.5,6.77000000000004,8.54000000000002,1025.0,93.0,8.53,244.0,1.0,102.0
0.29606625258799174,8.43000000000001,7.02000000000004,10.21,1028.0,91.0,7.13,257.0,1.0,86.0
0.6853002070393375,6.95000000000005,5.99000000000001,8.05000000000001,1018.0,65.0,11.5,1.0,2.0,93.0
0.4720496894409938,6.84000000000003,3.47000000000003,8.54000000000002,1029.0,68.0,8.91,25.0,1.0,101.0
0.8757763975155279,6.84000000000003,3.47000000000003,8.54000000000002,1029.0,68.0,8.91,25.0,1.0,74.0
0.722567287784679,3.89000000000004,1.02000000000004,4.36000000000001,1032.0,74.0,4.04,310.0,1.0,110.0
0.7080745341614907,3.89000000000004,1.02000000000004,4.36000000000001,1032.0,74.0,4.04,310.0,1.0,110.0
0.5921325051759835,5.04000000000002,2.88,7.10000000000002,1023.0,87.0,4.37,235.0,1.0,105.0
0.6542443064182195,5.04000000000002,2.88,7.10000000000002,1023.0,87.0,4.37,235.0,1.0,94.0
0.8964803312629399,5.27000000000004,2.18000000000001,6.55000000000001,1015.0,69.0,10.6,346.0,1.0,115.0
0.6149068322981367,4.01000000000005,3.21000000000004,4.88,994.0,93.0,12.91,223.0,1.0,103.0
1.0,4.01000000000005,3.21000000000004,4.88,994.0,93.0,12.91,223.0,1.0,105.0
0.6666666666666666,2.05000000000001,-0.979999999999961,2.05000000000001,1011.0,64.0,6.69,344.0,2.0,101.0
0.6935817805383023,8.67000000000002,8.21000000000004,9.10000000000002,1008.0,93.0,11.15,273.0,1.0,81.0
0.6811594202898551,6.84000000000003,6.55000000000001,7.31,989.0,81.0,14.75,293.0,1.0,86.0
0.6625258799171843,2.24000000000001,1.55000000000001,2.99000000000001,1005.0,84.0,14.77,317.0,2.0,104.0
0.7287784679089027,2.24000000000001,1.55000000000001,2.99000000000001,1005.0,84.0,14.77,317.0,2.0,108.0
0.6935817805383023,1.96000000000004,1.55000000000001,2.66000000000003,1004.0,100.0,10.27,210.0,1.0,102.0
0.7080745341614907,4.56,3.77000000000004,5.21000000000004,994.0,80.0,8.01,267.0,1.0,111.0
0.6977225672877847,5.67000000000002,4.36000000000001,6.55000000000001,1002.0,80.0,9.06,17.0,1.0,85.0
0.6811594202898551,1.56,0.700000000000045,2.31,1011.0,88.0,5.14,187.0,1.0,107.0
0.7391304347826086,1.56,0.700000000000045,2.31,1011.0,88.0,5.14,187.0,1.0,78.0
0.6977225672877847,0.840000000000032,0.0200000000000387,1.32000000000005,1006.0,93.0,5.55,219.0,1.0,108.0
0.6977225672877847,6.35000000000002,4.88,7.10000000000002,986.0,75.0,14.55,219.0,1.0,110.0
0.6273291925465838,4.78000000000003,4.32000000000005,5.14000000000004,998.0,86.0,6.27,253.0,1.0,84.0
0.6356107660455487,11.01,10.44,12.05,1015.0,93.0,5.83,237.0,1.0,85.0
0.7080745341614907,11.01,10.44,12.05,1015.0,93.0,5.83,237.0,1.0,82.0
0.7598343685300207,11.27,10.66,12.05,1022.0,81.0,6.13,202.0,1.0,107.0
0.6356107660455487,9.94,7.66000000000003,10.65,1023.0,95.0,4.03,244.0,1.0,108.0
0.6190476190476191,8.22000000000003,6.59000000000003,9.96000000000004,1027.0,81.0,6.61,245.0,1.0,116.0
0.6376811594202898,5.40000000000003,3.81,8.47000000000003,1035.0,93.0,4.33,255.0,1.0,97.0
0.650103519668737,1.05000000000001,1.05000000000001,3.54000000000002,1040.0,90.0,1.06,34.0,2.0,86.0
0.6128364389233955,6.47000000000003,5.48000000000002,7.32000000000005,1040.0,89.0,2.52,64.0,1.0,85.0
0.6811594202898551,3.22000000000003,1.59000000000003,3.98000000000002,1035.0,91.0,4.86,324.0,1.0,97.0
0.6666666666666666,5.41000000000003,4.32000000000005,6.05000000000001,1030.0,71.0,4.92,39.0,2.0,114.0
0.6459627329192547,2.83000000000004,2.18000000000001,3.81,1026.0,58.0,1.05,42.0,1.0,79.0
0.6977225672877847,-0.849999999999966,-1.94999999999999,0.770000000000039,1023.0,76.0,4.45,178.0,4.0,95.0
0.782608695652174,-0.849999999999966,-1.94999999999999,0.770000000000039,1023.0,76.0,4.45,178.0,4.0,84.0
0.6542443064182195,3.69,3.02000000000004,4.65000000000003,1007.0,100.0,6.04,200.0,4.0,91.0
0.6935817805383023,7.01000000000005,4.92000000000002,8.05000000000001,1003.0,100.0,7.11,247.0,1.0,103.0
0.6935817805383023,3.85000000000002,3.21000000000004,4.88,1008.0,100.0,10.93,91.0,1.0,108.0
0.6128364389233955,2.61000000000001,0.930000000000007,3.41000000000003,1004.0,87.0,8.42,128.0,1.0,89.0
0.6749482401656315,2.61000000000001,0.930000000000007,3.41000000000003,1004.0,87.0,8.42,128.0,1.0,88.0
0.6935817805383023,4.91000000000003,3.83000000000004,5.63,994.0,96.0,3.4,202.0,1.0,104.0
0.650103519668737,7.70000000000005,6.92000000000002,8.25,986.0,97.0,3.93,343.0,1.0,101.0
0.7287784679089027,7.70000000000005,6.92000000000002,8.25,986.0,97.0,3.93,343.0,1.0,117.0
0.6459627329192547,6.29000000000002,5.99000000000001,7.05000000000001,1004.0,100.0,4.39,191.0,1.0,106.0
0.6045548654244306,13.5700000000001,12.66,14.65,1006.0,93.0,10.87,229.0,1.0,106.0
0.7329192546583851,13.5700000000001,12.66,14.65,1006.0,93.0,10.87,229.0,1.0,83.0
0.6708074534161491,13.0,12.1,14.05,1010.0,100.0,10.54,223.0,1.0,108.0
0.6708074534161491,12.38,11.63,13.54,1015.0,87.0,9.94,193.0,1.0,89.0
0.6666666666666666,11.22,9.36000000000001,12.36,1006.0,86.0,11.79,229.0,1.0,91.0
0.6376811594202898,8.33000000000004,7.70000000000005,9.05000000000001,1006.0,80.0,12.01,240.0,1.0,71.0
0.6190476190476191,5.17000000000002,3.25,7.10000000000002,997.0,96.0,8.5,5.0,2.0,107.0
0.7184265010351967,2.22000000000003,1.25,3.81,1006.0,86.0,12.1,307.0,1.0,107.0
0.6273291925465838,-2.01999999999998,-3.97999999999996,-0.349999999999966,1018.0,80.0,4.94,241.0,1.0,113.0
0.6666666666666666,2.79000000000002,1.57000000000005,3.75,1005.0,80.0,10.49,242.0,1.0,83.0
0.6356107660455487,5.73000000000002,4.79000000000002,7.84000000000003,994.0,100.0,8.94,200.0,1.0,94.0
0.6935817805383023,2.51000000000005,1.59000000000003,3.05000000000001,997.0,86.0,10.88,286.0,1.0,101.0
0.6666666666666666,3.0,1.02000000000004,4.10000000000002,1017.0,93.0,3.46,209.0,1.0,83.0
0.6853002070393375,7.79000000000002,6.55000000000001,8.77000000000004,1026.0,100.0,6.52,198.0,2.0,98.0
0.6459627329192547,7.79000000000002,6.55000000000001,8.77000000000004,1026.0,100.0,6.52,198.0,2.0,110.0
0.6459627329192547,0.770000000000039,-2.97999999999996,2.43000000000001,1039.0,85.0,5.08,269.0,2.0,108.0
0.7660455486542443,1.46000000000004,-0.0799999999999841,2.99000000000001,1040.0,86.0,5.68,257.0,2.0,100.0
0.6542443064182195,0.660000000000025,-0.979999999999961,1.88,1036.0,85.0,4.23,292.0,2.0,71.0
0.7598343685300207,1.82000000000005,-1.19,3.25,1034.0,93.0,6.22,289.0,1.0,106.0
0.6583850931677019,-0.20999999999998,-3.97999999999996,2.43000000000001,1037.0,78.0,4.17,221.0,2.0,91.0
0.7598343685300207,4.23000000000002,2.70000000000005,5.08000000000004,1022.0,93.0,7.93,236.0,2.0,101.0
0.782608695652174,3.51000000000005,2.27000000000004,4.08000000000004,1032.0,73.0,10.18,346.0,2.0,92.0
0.7329192546583851,3.94,2.04000000000002,5.94,1037.0,87.0,3.66,255.0,1.0,112.0
0.7122153209109731,4.52000000000004,0.370000000000005,7.05000000000001,1034.0,79.0,4.87,237.0,1.0,103.0
0.8074534161490683,6.87,5.21000000000004,8.21000000000004,1031.0,78.0,5.96,226.0,2.0,117.0
0.6894409937888198,7.76000000000005,6.55000000000001,9.32000000000005,1021.0,87.0,11.05,256.0,1.0,61.0
0.8996062992125984,14.7,13.88,18.1,1018.0,89.0,2.06,360.0,1.0,102.0
0.6299212598425197,14.98,12.95,18.03,1018.0,86.0,2.06,310.0,1.0,79.0
0.90748031496063,14.98,12.95,18.03,1018.0,86.0,2.06,310.0,1.0,116.0
0.6633858267716536,13.48,12.23,16.43,1019.0,94.0,2.57,310.0,2.0,67.0
0.7618110236220472,15.13,13.38,17.54,1017.0,85.0,3.09,150.0,1.0,97.0
0.7795275590551181,14.35,12.77,16.75,1012.0,93.0,3.6,150.0,1.0,79.0
0.6633858267716536,14.35,12.77,16.75,1012.0,93.0,3.6,150.0,1.0,82.0
0.7913385826771654,16.77,14.99,18.41,1006.0,83.0,3.6,150.0,1.0,82.0
0.7854330708661418,16.77,14.99,18.41,1006.0,83.0,3.6,150.0,1.0,83.0
0.8681102362204725,14.67,12.79,16.62,1004.0,86.0,2.06,310.0,1.0,94.0
0.8051181102362205,14.67,12.79,16.62,1004.0,86.0,2.06,310.0,1.0,101.0
0.8385826771653543,11.85,10.55,13.97,993.0,96.0,4.48,309.0,1.0,88.0
0.860236220472441,11.85,10.55,13.97,993.0,96.0,4.48,309.0,1.0,98.0
0.8464566929133859,15.5700000000001,14.52,17.3,1007.0,89.0,2.57,350.0,1.0,78.0
0.844488188976378,15.5700000000001,14.52,17.3,1007.0,89.0,2.57,350.0,1.0,93.0
0.90748031496063,15.14,13.23,17.2,1019.0,89.0,1.54,0.0,1.0,90.0
0.7913385826771654,15.14,13.23,17.2,1019.0,89.0,1.54,0.0,1.0,84.0
0.7421259842519685,15.04,12.83,17.54,1022.0,86.0,1.03,0.0,1.0,77.0
0.6220472440944882,15.04,12.83,17.54,1022.0,86.0,1.03,0.0,1.0,81.0
0.7125984251968503,14.24,12.79,16.62,1016.0,96.0,0.49,351.0,1.0,75.0
0.5708661417322834,14.24,12.79,16.62,1016.0,96.0,0.49,351.0,1.0,97.0
0.702755905511811,14.69,12.77,16.53,1014.0,94.0,2.35,182.0,1.0,73.0
0.7618110236220472,14.69,12.77,16.53,1014.0,94.0,2.35,182.0,1.0,89.0
0.7106299212598425,15.16,13.88,16.88,1012.0,88.0,0.51,0.0,1.0,79.0
0.5255905511811023,15.16,13.88,16.88,1012.0,88.0,0.51,0.0,1.0,107.0
0.6751968503937008,16.11,15.05,18.1,1016.0,93.0,3.6,320.0,1.0,71.0
0.6732283464566929,16.11,15.05,18.1,1016.0,93.0,3.6,320.0,1.0,104.0
0.7440944881889764,16.93,14.9,18.86,1020.0,79.0,5.66,320.0,1.0,77.0
0.6909448818897638,16.93,14.9,18.86,1020.0,79.0,5.66,320.0,1.0,120.0
0.655511811023622,16.64,14.39,20.3200000000001,1025.0,79.0,7.72,320.0,1.0,82.0
0.6181102362204725,16.64,14.39,20.3200000000001,1025.0,79.0,7.72,320.0,1.0,107.0
0.7559055118110236,14.76,11.7,17.8200000000001,1028.0,91.0,1.6,316.0,1.0,76.0
0.7322834645669292,14.76,11.7,17.8200000000001,1028.0,91.0,1.6,316.0,1.0,102.0
0.6692913385826772,17.48,14.1,20.23,1030.0,88.0,1.41,317.0,1.0,69.0
0.7795275590551181,17.48,14.1,20.23,1030.0,88.0,1.41,317.0,1.0,100.0
0.7224409448818898,22.05,19.36,24.03,1027.0,69.0,0.51,0.0,1.0,76.0
0.8188976377952756,22.05,19.36,24.03,1027.0,69.0,0.51,0.0,1.0,119.0
0.7913385826771654,21.25,19.52,23.03,1023.0,76.0,1.03,0.0,1.0,82.0
0.687007874015748,21.25,19.52,23.03,1023.0,76.0,1.03,0.0,1.0,98.0
0.8188976377952756,17.68,14.99,21.03,1020.0,93.0,0.68,323.0,1.0,78.0
0.8385826771653543,17.68,14.99,21.03,1020.0,93.0,0.68,323.0,1.0,117.0
0.7618110236220472,17.92,16.1,21.06,1024.0,87.0,0.51,0.0,1.0,79.0
0.7736220472440944,17.92,16.1,21.06,1024.0,87.0,0.51,0.0,1.0,88.0
0.8110236220472441,16.84,14.5,20.23,1024.0,93.0,1.87,173.0,2.0,85.0
0.860236220472441,16.84,14.5,20.23,1024.0,93.0,1.87,173.0,2.0,101.0
0.7677165354330708,18.33,15.72,21.21,1019.0,84.0,4.63,160.0,1.0,84.0
0.8051181102362205,14.74,13.94,15.88,1012.0,86.0,3.64,79.0,1.0,75.0
0.8917322834645669,14.74,13.94,15.88,1012.0,86.0,3.64,79.0,1.0,93.0
0.8188976377952756,13.79,12.12,15.7,1010.0,90.0,0.9,323.0,1.0,81.0
0.7559055118110236,13.79,12.12,15.7,1010.0,90.0,0.9,323.0,1.0,103.0
0.860236220472441,18.99,17.36,20.6,1010.0,72.0,2.06,130.0,1.0,91.0
0.8464566929133859,18.99,17.36,20.6,1010.0,72.0,2.06,130.0,1.0,95.0
0.8110236220472441,14.39,13.3200000000001,16.36,1008.0,97.0,1.07,171.0,1.0,78.0
0.8385826771653543,14.39,13.3200000000001,16.36,1008.0,97.0,1.07,171.0,1.0,101.0
0.7736220472440944,13.37,12.23,14.77,1005.0,89.0,1.78,229.0,1.0,88.0
0.8464566929133859,14.09,12.68,14.99,1007.0,77.0,6.69,240.0,1.0,100.0
0.8385826771653543,14.09,12.68,14.99,1007.0,77.0,6.69,240.0,1.0,108.0
0.75,12.91,11.66,14.52,1001.0,96.0,5.14,40.0,1.0,99.0
0.8464566929133859,12.91,11.66,14.52,1001.0,96.0,5.14,40.0,1.0,92.0
0.860236220472441,13.42,12.6,14.16,1008.0,94.0,2.03,280.0,1.0,98.0
0.7677165354330708,13.42,12.6,14.16,1008.0,94.0,2.03,280.0,1.0,99.0
0.7283464566929134,11.89,10.94,13.03,1011.0,92.0,2.04,327.0,1.0,75.0
0.8051181102362205,11.47,9.34000000000003,13.96,1015.0,97.0,1.14,282.0,1.0,78.0
0.7677165354330708,11.47,9.34000000000003,13.96,1015.0,97.0,1.14,282.0,1.0,106.0
0.8759842519685039,8.89000000000004,6.88,11.18,1014.0,97.0,0.39,249.0,1.0,72.0
0.8188976377952756,8.89000000000004,6.88,11.18,1014.0,97.0,0.39,249.0,1.0,104.0
0.7992125984251969,11.27,8.34000000000003,14.12,1013.0,91.0,0.67,258.0,1.0,71.0
0.8248031496062992,11.27,8.34000000000003,14.12,1013.0,91.0,0.67,258.0,1.0,90.0
0.9429133858267716,12.97,11.5700000000001,14.59,1005.0,87.0,3.11,156.0,1.0,81.0
0.8681102362204725,14.23,13.3200000000001,15.24,993.0,97.0,3.24,213.0,1.0,91.0
0.8681102362204725,14.23,13.3200000000001,15.24,993.0,97.0,3.24,213.0,1.0,88.0
0.9251968503937008,13.1,12.27,13.9,992.0,89.0,6.24,175.0,1.0,80.0
0.8110236220472441,14.86,13.94,15.55,999.0,95.0,4.82,261.0,1.0,92.0
0.9153543307086615,14.86,13.94,15.55,999.0,95.0,4.82,261.0,1.0,104.0
0.8326771653543307,15.29,13.38,17.21,1008.0,81.0,2.57,250.0,1.0,90.0
0.7992125984251969,15.29,13.38,17.21,1008.0,81.0,2.57,250.0,1.0,92.0
1.0,14.4,12.99,15.55,1013.0,94.0,3.55,269.0,1.0,75.0
0.8838582677165354,14.4,12.99,15.55,1013.0,94.0,3.55,269.0,1.0,94.0
0.8523622047244095,12.98,12.09,14.03,1016.0,93.0,2.72,189.0,1.0,74.0
0.8996062992125984,12.98,12.09,14.03,1016.0,93.0,2.72,189.0,1.0,101.0
0.8523622047244095,12.4,11.09,14.34,1016.0,89.0,3.6,140.0,1.0,95.0
0.9153543307086615,12.4,11.09,14.34,1016.0,89.0,3.6,140.0,1.0,102.0
0.8917322834645669,15.46,14.34,17.27,1017.0,79.0,4.12,190.0,1.0,78.0
0.8681102362204725,15.46,14.34,17.27,1017.0,79.0,4.12,190.0,1.0,99.0
0.8110236220472441,16.68,15.36,18.02,1019.0,74.0,1.54,0.0,1.0,92.0
0.9429133858267716,16.68,15.36,18.02,1019.0,74.0,1.54,0.0,1.0,96.0
0.8523622047244095,16.36,15.34,18.03,1012.0,82.0,2.57,200.0,1.0,79.0
0.8326771653543307,16.36,15.34,18.03,1012.0,82.0,2.57,200.0,1.0,124.0
0.8326771653543307,13.3200000000001,12.21,14.4,1016.0,83.0,5.14,310.0,1.0,90.0
0.8681102362204725,13.3200000000001,12.21,14.4,1016.0,83.0,5.14,310.0,1.0,91.0
0.7736220472440944,13.0,12.23,14.03,1019.0,94.0,3.97,284.0,1.0,80.0
0.7618110236220472,13.0,12.23,14.03,1019.0,94.0,3.97,284.0,1.0,101.0
0.8681102362204725,13.03,12.38,14.4,1018.0,92.0,3.09,280.0,1.0,76.0
0.8385826771653543,13.03,12.38,14.4,1018.0,92.0,3.09,280.0,1.0,101.0
0.860236220472441,14.35,13.23,16.19,1013.0,90.0,3.6,210.0,1.0,78.0
0.8759842519685039,14.35,13.23,16.19,1013.0,90.0,3.6,210.0,1.0,104.0
0.8326771653543307,13.54,12.77,15.23,1013.0,96.0,1.23,181.0,1.0,67.0
0.8681102362204725,13.54,12.77,15.23,1013.0,96.0,1.23,181.0,1.0,101.0
0.7795275590551181,15.26,14.44,16.75,1013.0,96.0,2.56,156.0,1.0,74.0
0.8248031496062992,15.26,14.44,16.75,1013.0,96.0,2.56,156.0,1.0,101.0
0.8248031496062992,14.51,13.79,16.43,1019.0,93.0,4.12,320.0,1.0,80.0
0.8681102362204725,14.51,13.79,16.43,1019.0,93.0,4.12,320.0,1.0,113.0
0.7736220472440944,15.62,13.88,17.88,1029.0,92.0,1.54,320.0,1.0,68.0
0.860236220472441,15.62,13.88,17.88,1029.0,92.0,1.54,320.0,1.0,103.0
0.9251968503937008,18.87,16.31,21.64,1028.0,71.0,3.6,100.0,2.0,98.0
0.8917322834645669,18.87,16.31,21.64,1028.0,71.0,3.6,100.0,2.0,104.0
0.8385826771653543,13.08,12.21,14.21,1025.0,87.0,3.09,50.0,1.0,89.0
0.8051181102362205,12.86,12.25,14.21,1020.0,91.0,1.81,128.0,1.0,82.0
0.8838582677165354,12.86,12.25,14.21,1020.0,91.0,1.81,128.0,1.0,104.0
0.8385826771653543,13.11,11.1,15.6,1021.0,95.0,2.54,144.0,1.0,89.0
0.8110236220472441,16.02,14.34,18.58,1023.0,96.0,1.03,140.0,2.0,90.0
0.8110236220472441,16.02,14.34,18.58,1023.0,96.0,1.03,140.0,2.0,95.0
0.8464566929133859,14.4,10.9,20.23,1022.0,95.0,1.03,0.0,4.0,76.0
0.8248031496062992,14.4,10.9,20.23,1022.0,95.0,1.03,0.0,4.0,94.0
0.8385826771653543,20.52,18.9,23.28,1014.0,62.0,3.6,160.0,4.0,92.0
0.8385826771653543,20.52,18.9,23.28,1014.0,62.0,3.6,160.0,4.0,99.0
0.6929133858267716,18.39,16.95,19.87,1007.0,91.0,1.03,0.0,1.0,99.0
0.8681102362204725,18.39,16.95,19.87,1007.0,91.0,1.03,0.0,1.0,113.0
0.8188976377952756,16.48,15.55,18.29,1008.0,97.0,2.57,160.0,1.0,80.0
0.7854330708661418,16.48,15.55,18.29,1008.0,97.0,2.57,160.0,1.0,98.0
0.7992125984251969,16.35,15.51,17.73,1015.0,87.0,2.06,350.0,1.0,86.0
0.8464566929133859,16.35,15.51,17.73,1015.0,87.0,2.06,350.0,1.0,104.0
0.7066929133858267,13.01,12.2,13.97,1019.0,98.0,0.72,353.0,1.0,102.0
0.7913385826771654,12.03,11.1,13.56,1019.0,97.0,2.77,128.0,1.0,84.0
0.7440944881889764,12.49,11.66,14.21,1015.0,96.0,2.06,130.0,1.0,92.0
0.8051181102362205,12.49,11.66,14.21,1015.0,96.0,2.06,130.0,1.0,98.0
0.8248031496062992,10.67,9.02000000000004,13.14,1015.0,99.0,0.51,0.0,1.0,79.0
0.9251968503937008,10.67,9.02000000000004,13.14,1015.0,99.0,0.51,0.0,1.0,107.0
0.7559055118110236,13.95,11.78,15.44,1017.0,94.0,0.51,0.0,1.0,88.0
0.8051181102362205,13.95,11.78,15.44,1017.0,94.0,0.51,0.0,1.0,98.0
0.8110236220472441,13.62,11.7,15.6,1012.0,91.0,3.09,160.0,1.0,95.0
0.8917322834645669,13.71,12.28,15.51,1013.0,95.0,1.65,160.0,1.0,73.0
0.860236220472441,13.71,12.28,15.51,1013.0,95.0,1.65,160.0,1.0,98.0
0.8681102362204725,12.88,11.66,14.13,1014.0,88.0,1.54,150.0,1.0,84.0
0.8464566929133859,12.88,11.66,14.13,1014.0,88.0,1.54,150.0,1.0,96.0
0.7795275590551181,13.3200000000001,11.19,16.06,1024.0,87.0,0.51,0.0,1.0,80.0
0.8051181102362205,13.3200000000001,11.19,16.06,1024.0,87.0,0.51,0.0,1.0,90.0
0.8464566929133859,11.93,10.34,14.03,1031.0,88.0,2.06,140.0,1.0,100.0
0.7992125984251969,11.93,10.34,14.03,1031.0,88.0,2.06,140.0,1.0,103.0
0.7736220472440944,13.45,10.9,15.95,1028.0,91.0,2.06,150.0,1.0,100.0
0.8188976377952756,13.45,10.9,15.95,1028.0,91.0,2.06,150.0,1.0,94.0
0.75,15.75,14.34,16.36,1019.0,86.0,3.09,320.0,1.0,81.0
0.7992125984251969,16.0700000000001,12.68,18.02,1014.0,84.0,2.06,240.0,1.0,94.0
0.7992125984251969,16.0700000000001,12.68,18.02,1014.0,84.0,2.06,240.0,1.0,101.0
0.8818897637795275,16.75,16.01,17.47,1014.0,95.0,2.06,140.0,1.0,94.0
0.7913385826771654,16.75,16.01,17.47,1014.0,95.0,2.06,140.0,1.0,88.0
0.8996062992125984,15.17,13.38,16.62,1009.0,85.0,5.14,160.0,1.0,97.0
0.7913385826771654,15.17,13.38,16.62,1009.0,85.0,5.14,160.0,1.0,99.0
0.7913385826771654,9.83000000000004,8.88,11.0700000000001,1001.0,92.0,3.6,300.0,1.0,89.0
0.8188976377952756,9.83000000000004,8.88,11.0700000000001,1001.0,92.0,3.6,300.0,1.0,112.0
0.8188976377952756,9.73000000000002,8.90000000000003,10.83,1013.0,90.0,5.14,180.0,1.0,72.0
0.8248031496062992,8.32000000000005,6.33000000000004,10.6,1017.0,87.0,3.6,260.0,1.0,80.0
0.90748031496063,8.32000000000005,6.33000000000004,10.6,1017.0,87.0,3.6,260.0,1.0,96.0
0.8385826771653543,13.18,11.16,14.89,1013.0,90.0,8.23,180.0,1.0,83.0
0.5374015748031497,9.35000000000002,8.32000000000005,10.49,998.0,89.0,5.14,160.0,1.0,73.0
0.8188976377952756,8.18000000000001,5.77000000000004,10.42,989.0,90.0,7.2,180.0,1.0,71.0
0.8188976377952756,8.64000000000004,7.68000000000001,9.86000000000001,1004.0,93.0,3.6,160.0,1.0,90.0
0.860236220472441,8.64000000000004,7.68000000000001,9.86000000000001,1004.0,93.0,3.6,160.0,1.0,88.0
0.8464566929133859,9.39000000000004,8.36000000000001,10.5700000000001,995.0,93.0,3.6,310.0,1.0,76.0
0.8996062992125984,9.39000000000004,8.36000000000001,10.5700000000001,995.0,93.0,3.6,310.0,1.0,101.0
0.7677165354330708,10.55,7.77000000000004,12.03,1017.0,81.0,3.09,300.0,1.0,82.0
0.8464566929133859,10.55,7.77000000000004,12.03,1017.0,81.0,3.09,300.0,1.0,90.0
0.7736220472440944,14.23,12.21,15.6,1021.0,95.0,3.08,172.0,1.0,98.0
0.8051181102362205,12.45,11.1,14.12,1028.0,91.0,4.12,160.0,1.0,109.0
0.8838582677165354,12.45,11.1,14.12,1028.0,91.0,4.12,160.0,1.0,101.0
0.7736220472440944,12.18,10.9,14.31,1028.0,95.0,1.54,0.0,1.0,81.0
0.7559055118110236,12.43,10.66,14.31,1032.0,91.0,2.06,320.0,1.0,93.0
0.8326771653543307,12.43,10.66,14.31,1032.0,91.0,2.06,320.0,1.0,85.0
0.8464566929133859,8.06,5.55000000000001,11.18,1032.0,95.0,3.47,315.0,1.0,92.0
0.7992125984251969,11.21,8.39000000000004,13.03,1026.0,89.0,2.57,300.0,1.0,84.0
0.7618110236220472,11.21,8.39000000000004,13.03,1026.0,89.0,2.57,300.0,1.0,95.0
0.7125984251968503,11.41,9.90000000000003,13.03,1027.0,97.0,1.72,273.0,1.0,80.0
0.8248031496062992,11.41,9.90000000000003,13.03,1027.0,97.0,1.72,273.0,1.0,90.0
0.5688976377952756,10.81,8.90000000000003,13.01,1024.0,92.0,1.03,0.0,1.0,80.0
0.7224409448818898,7.60000000000002,5.10000000000002,10.6,1022.0,89.0,1.03,0.0,1.0,83.0
0.8326771653543307,6.74000000000001,3.97000000000003,10.23,1020.0,93.0,2.57,140.0,1.0,77.0
0.7913385826771654,11.39,10.42,12.67,1012.0,93.0,3.82,202.0,1.0,85.0
0.8838582677165354,11.39,10.42,12.67,1012.0,93.0,3.82,202.0,1.0,87.0
0.90748031496063,10.61,9.87,11.91,1013.0,93.0,4.12,150.0,2.0,106.0
0.8759842519685039,15.39,13.9,16.91,1006.0,97.0,4.12,180.0,1.0,80.0
0.8326771653543307,12.09,10.72,13.38,995.0,93.0,4.63,170.0,1.0,87.0
0.8248031496062992,5.69,2.83000000000004,7.99000000000001,1006.0,80.0,5.59,326.0,1.0,89.0
0.7322834645669292,5.69,2.83000000000004,7.99000000000001,1006.0,80.0,5.59,326.0,1.0,81.0
0.7854330708661418,9.13,7.77000000000004,10.22,1017.0,82.0,5.66,280.0,2.0,67.0
0.7736220472440944,8.18000000000001,7.21000000000004,9.39000000000004,1022.0,88.0,3.6,160.0,1.0,86.0
0.8051181102362205,10.2,9.05000000000001,11.36,1013.0,82.0,4.12,140.0,2.0,84.0
0.9330708661417323,10.2,9.05000000000001,11.36,1013.0,82.0,4.12,140.0,2.0,82.0
0.562992125984252,9.56,7.64000000000004,11.12,1013.0,89.0,2.57,150.0,1.0,83.0
0.8110236220472441,9.56,7.64000000000004,11.12,1013.0,89.0,2.57,150.0,1.0,72.0
0.8326771653543307,15.2,13.95,15.9,1012.0,85.0,5.66,210.0,2.0,74.0
0.8385826771653543,13.45,12.64,14.49,1004.0,87.0,6.69,160.0,2.0,80.0
0.8681102362204725,12.24,11.66,13.1,988.0,94.0,6.69,150.0,1.0,87.0
0.8681102362204725,12.24,11.66,13.1,988.0,94.0,6.69,150.0,1.0,94.0
0.8307086614173228,8.05000000000001,7.38,9.42000000000002,990.0,92.0,3.09,200.0,1.0,87.0
0.8248031496062992,8.05000000000001,7.38,9.42000000000002,990.0,92.0,3.09,200.0,1.0,98.0
0.7559055118110236,8.15000000000003,7.38,9.11000000000001,987.0,86.0,6.69,240.0,1.0,63.0
0.7736220472440944,3.36000000000001,1.34000000000003,6.15000000000003,997.0,95.0,2.16,228.0,1.0,86.0
0.7992125984251969,6.43000000000001,5.25,8.05000000000001,1005.0,92.0,2.06,310.0,1.0,102.0
0.860236220472441,6.43000000000001,5.25,8.05000000000001,1005.0,92.0,2.06,310.0,1.0,107.0
0.8523622047244095,5.24000000000001,3.29000000000002,7.99000000000001,1018.0,83.0,2.06,340.0,1.0,71.0
0.7736220472440944,5.24000000000001,3.29000000000002,7.99000000000001,1018.0,83.0,2.06,340.0,1.0,73.0
0.7066929133858267,11.36,9.67000000000002,12.73,1026.0,89.0,1.03,0.0,1.0,100.0
0.8188976377952756,9.69,8.90000000000003,10.95,1029.0,89.0,2.06,190.0,1.0,69.0
0.8385826771653543,2.92000000000002,0.360000000000014,5.03000000000003,1035.0,87.0,1.03,0.0,1.0,78.0
0.9507874015748031,2.92000000000002,0.360000000000014,5.03000000000003,1035.0,87.0,1.03,0.0,1.0,94.0
0.7795275590551181,7.34000000000003,5.38,8.95000000000005,1034.0,96.0,3.6,320.0,1.0,87.0
0.8681102362204725,6.43000000000001,4.99000000000001,7.95000000000005,1022.0,81.0,4.63,220.0,1.0,83.0
0.8464566929133859,6.43000000000001,4.99000000000001,7.95000000000005,1022.0,81.0,4.63,220.0,1.0,104.0
0.7224409448818898,2.40000000000003,-1.58999999999997,5.07000000000005,1020.0,85.0,3.62,337.0,1.0,87.0
0.8385826771653543,2.40000000000003,-1.58999999999997,5.07000000000005,1020.0,85.0,3.62,337.0,1.0,95.0
0.7834645669291339,6.60000000000002,5.06,8.20000000000005,994.0,88.0,6.69,310.0,2.0,92.0
0.8464566929133859,6.60000000000002,5.06,8.20000000000005,994.0,88.0,6.69,310.0,2.0,94.0
0.7854330708661418,3.03000000000003,2.36000000000001,3.03000000000003,1001.0,69.0,11.72,348.0,1.0,94.0
0.8248031496062992,0.110000000000014,-1.65999999999997,0.900000000000034,1009.0,64.0,2.06,290.0,1.0,88.0
0.8110236220472441,0.110000000000014,-1.65999999999997,0.900000000000034,1009.0,64.0,2.06,290.0,1.0,97.0
0.655511811023622,3.28000000000003,3.28000000000003,3.28000000000003,1015.0,75.0,1.87,218.0,1.0,78.0
0.6594488188976378,9.62,8.40000000000003,10.55,1012.0,89.0,3.6,300.0,1.0,78.0
0.7775590551181102,6.70000000000005,5.51000000000005,7.99000000000001,997.0,85.0,7.72,310.0,1.0,85.0
0.8051181102362205,6.70000000000005,5.51000000000005,7.99000000000001,997.0,85.0,7.72,310.0,1.0,99.0
0.7854330708661418,1.56,-1.02999999999997,3.58000000000004,1015.0,74.0,3.6,330.0,2.0,106.0
0.8838582677165354,1.56,-1.02999999999997,3.58000000000004,1015.0,74.0,3.6,330.0,2.0,108.0
0.8326771653543307,6.30000000000001,3.34000000000003,8.20000000000005,1003.0,92.0,3.09,320.0,1.0,81.0
0.6594488188976378,4.76000000000005,3.19,5.90000000000003,995.0,76.0,6.69,270.0,1.0,89.0
0.8110236220472441,3.93000000000001,2.83000000000004,5.60000000000002,1009.0,88.0,8.59,333.0,1.0,99.0
0.6968503937007874,3.93000000000001,2.83000000000004,5.60000000000002,1009.0,88.0,8.59,333.0,1.0,109.0
0.7618110236220472,3.04000000000002,2.08000000000004,4.34000000000003,1007.0,90.0,6.17,150.0,1.0,85.0
0.8051181102362205,3.61000000000001,2.18000000000001,5.34000000000003,995.0,86.0,8.23,140.0,1.0,77.0
0.7854330708661418,5.27000000000004,3.78000000000003,6.15000000000003,982.0,89.0,8.23,270.0,1.0,91.0
0.8759842519685039,5.27000000000004,3.78000000000003,6.15000000000003,982.0,89.0,8.23,270.0,1.0,105.0
0.7066929133858267,6.31,5.16000000000003,7.27000000000004,991.0,90.0,8.53,310.0,1.0,79.0
0.7559055118110236,6.31,5.16000000000003,7.27000000000004,991.0,90.0,8.53,310.0,1.0,89.0
0.7559055118110236,5.60000000000002,3.32000000000005,7.27000000000004,1013.0,90.0,2.98,174.0,1.0,88.0
0.8051181102362205,5.60000000000002,3.32000000000005,7.27000000000004,1013.0,90.0,2.98,174.0,1.0,99.0
0.8523622047244095,10.86,8.86000000000001,12.47,1014.0,97.0,3.05,198.0,1.0,85.0
0.7381889763779528,10.42,7.18000000000001,11.91,1028.0,84.0,1.03,0.0,1.0,104.0
0.6338582677165354,2.22000000000003,-1.63999999999999,4.49000000000001,1037.0,93.0,1.54,190.0,1.0,88.0
0.7913385826771654,2.22000000000003,-1.63999999999999,4.49000000000001,1037.0,93.0,1.54,190.0,1.0,80.0
0.8385826771653543,4.12,3.23000000000002,5.24000000000001,1030.0,94.0,1.54,120.0,2.0,72.0
0.8464566929133859,4.12,3.23000000000002,5.24000000000001,1030.0,94.0,1.54,120.0,2.0,94.0
0.797244094488189,3.0,2.18000000000001,3.75,1026.0,81.0,4.12,150.0,1.0,96.0
0.7795275590551181,3.0,2.18000000000001,3.75,1026.0,81.0,4.12,150.0,1.0,93.0
0.8051181102362205,6.83000000000004,5.20000000000005,8.58000000000004,1004.0,96.0,4.63,150.0,1.0,97.0
1.0,13.95,12.77,15.34,1015.0,95.0,4.17,38.0,1.0,99.0
0.7559055118110236,13.95,12.77,15.34,1015.0,95.0,4.17,38.0,1.0,97.0
0.8759842519685039,13.17,11.77,14.79,1015.0,84.0,0.45,15.0,1.0,133.0
0.9429133858267716,13.17,11.77,14.79,1015.0,84.0,0.45,15.0,1.0,91.0
0.9429133858267716,13.42,12.13,14.86,1016.0,83.0,4.51,5.0,1.0,130.0
0.860236220472441,13.42,12.13,14.86,1016.0,83.0,4.51,5.0,1.0,93.0
0.90748031496063,15.23,12.03,17.8200000000001,1017.0,70.0,2.28,352.0,1.0,102.0
0.8326771653543307,15.23,12.03,17.8200000000001,1017.0,70.0,2.28,352.0,1.0,95.0
0.90748031496063,18.87,16.73,20.88,1015.0,72.0,1.79,157.0,2.0,99.0
0.860236220472441,20.66,18.46,21.67,1019.0,60.0,2.63,238.0,1.0,99.0
0.9330708661417323,16.0,13.73,17.66,1014.0,84.0,1.42,208.0,1.0,123.0
0.7165354330708661,16.0,13.73,17.66,1014.0,84.0,1.42,208.0,1.0,89.0
0.8385826771653543,18.89,17.6,20.24,1015.0,68.0,3.7,177.0,1.0,103.0
0.8385826771653543,18.89,17.6,20.24,1015.0,68.0,3.7,177.0,1.0,101.0
0.8051181102362205,15.84,14.35,17.17,1010.0,88.0,0.85,9.0,1.0,139.0
0.7283464566929134,15.84,14.35,17.17,1010.0,88.0,0.85,9.0,1.0,77.0
0.8110236220472441,17.62,15.73,19.23,1014.0,79.0,4.5,3.0,1.0,150.0
0.7913385826771654,17.98,15.92,20.24,1017.0,75.0,0.89,287.0,1.0,132.0
0.8051181102362205,17.98,15.92,20.24,1017.0,75.0,0.89,287.0,1.0,84.0
0.7913385826771654,17.72,16.24,18.89,1021.0,79.0,0.45,284.0,1.0,150.0
0.6594488188976378,17.72,16.24,18.89,1021.0,79.0,0.45,284.0,1.0,84.0
0.90748031496063,20.22,17.73,21.91,1026.0,70.0,2.98,346.0,2.0,126.0
0.7224409448818898,20.22,17.73,21.91,1026.0,70.0,2.98,346.0,2.0,84.0
0.8326771653543307,28.03,26.73,29.68,1027.0,55.0,1.81,36.0,3.0,97.0
0.8110236220472441,26.72,25.47,28.34,1025.0,55.0,1.97,278.0,2.0,110.0
0.8759842519685039,26.72,25.47,28.34,1025.0,55.0,1.97,278.0,2.0,85.0
0.8838582677165354,24.17,21.73,26.2,1022.0,69.0,1.5,321.0,1.0,122.0
0.6633858267716536,24.17,21.73,26.2,1022.0,69.0,1.5,321.0,1.0,87.0
0.8385826771653543,25.16,21.8200000000001,26.97,1018.0,64.0,0.64,227.0,4.0,100.0
0.7066929133858267,25.16,21.8200000000001,26.97,1018.0,64.0,0.64,227.0,4.0,75.0
0.8326771653543307,24.62,21.73,26.73,1022.0,62.0,1.96,95.0,2.0,96.0
0.8385826771653543,24.62,21.73,26.73,1022.0,62.0,1.96,95.0,2.0,101.0
0.8523622047244095,26.15,23.97,29.37,1023.0,60.0,2.56,124.0,3.0,100.0
0.8326771653543307,26.15,23.97,29.37,1023.0,60.0,2.56,124.0,3.0,100.0
0.7165354330708661,16.93,15.51,18.34,1013.0,78.0,5.68,74.0,1.0,88.0
0.8326771653543307,18.42,16.77,19.78,1008.0,73.0,0.89,355.0,1.0,120.0
0.6633858267716536,18.42,16.77,19.78,1008.0,73.0,0.89,355.0,1.0,93.0
0.7736220472440944,18.83,15.92,21.16,1007.0,74.0,0.45,296.0,1.0,90.0
0.7736220472440944,18.83,15.92,21.16,1007.0,74.0,0.45,296.0,1.0,94.0
0.7913385826771654,19.35,17.77,21.45,1010.0,73.0,1.84,261.0,2.0,113.0
0.6515748031496063,19.35,17.77,21.45,1010.0,73.0,1.84,261.0,2.0,91.0
0.8110236220472441,18.38,16.92,19.86,1006.0,83.0,1.77,191.0,1.0,92.0
0.7283464566929134,18.38,16.92,19.86,1006.0,83.0,1.77,191.0,1.0,89.0
0.7913385826771654,15.93,14.26,17.54,1004.0,82.0,5.73,239.0,1.0,107.0
0.6181102362204725,15.93,14.26,17.54,1004.0,82.0,5.73,239.0,1.0,102.0
0.6968503937007874,20.34,18.71,22.15,1007.0,49.0,0.89,265.0,1.0,128.0
0.8110236220472441,20.34,18.71,22.15,1007.0,49.0,0.89,265.0,1.0,97.0
0.7913385826771654,14.43,13.29,16.31,997.0,89.0,6.35,122.0,1.0,111.0
0.702755905511811,14.43,13.29,16.31,997.0,89.0,6.35,122.0,1.0,98.0
0.7913385826771654,16.7,15.39,18.14,1007.0,81.0,3.48,278.0,1.0,112.0
0.7854330708661418,16.7,15.39,18.14,1007.0,81.0,3.48,278.0,1.0,94.0
0.5885826771653543,18.49,15.73,21.12,1010.0,65.0,2.71,22.0,1.0,82.0
0.7992125984251969,18.24,15.8,19.39,1014.0,66.0,2.53,156.0,1.0,82.0
0.7440944881889764,18.24,15.8,19.39,1014.0,66.0,2.53,156.0,1.0,82.0
0.7381889763779528,15.43,14.26,17.72,1012.0,87.0,1.7,174.0,2.0,103.0
0.655511811023622,15.43,14.26,17.72,1012.0,87.0,1.7,174.0,2.0,88.0
0.7677165354330708,19.04,17.73,20.03,1013.0,73.0,3.15,159.0,2.0,91.0
0.702755905511811,15.54,14.21,17.16,1010.0,80.0,4.63,200.0,1.0,90.0
0.7224409448818898,18.78,16.01,20.14,1011.0,79.0,4.63,220.0,1.0,118.0
0.7559055118110236,18.78,16.01,20.14,1011.0,79.0,4.63,220.0,1.0,90.0
0.5846456692913385,18.3,16.44,20.13,1016.0,78.0,0.51,0.0,1.0,101.0
0.5885826771653543,17.6,16.5700000000001,19.03,1017.0,93.0,3.6,170.0,1.0,121.0
0.7677165354330708,17.6,16.5700000000001,19.03,1017.0,93.0,3.6,170.0,1.0,90.0
0.8523622047244095,18.84,17.55,19.98,1022.0,79.0,4.63,220.0,1.0,110.0
0.7795275590551181,18.84,17.55,19.98,1022.0,79.0,4.63,220.0,1.0,71.0
0.687007874015748,16.06,15.14,17.55,1018.0,90.0,3.86,214.0,1.0,93.0
0.9901574803149606,17.14,15.65,18.06,1015.0,82.0,2.57,220.0,1.0,101.0
0.655511811023622,17.14,15.65,18.06,1015.0,82.0,2.57,220.0,1.0,90.0
0.7283464566929134,16.64,15.46,18.04,1020.0,73.0,5.66,310.0,1.0,138.0
0.655511811023622,16.64,15.46,18.04,1020.0,73.0,5.66,310.0,1.0,79.0
0.6259842519685039,15.75,14.34,17.72,1022.0,89.0,4.63,307.0,1.0,80.0
0.7165354330708661,18.0,15.65,19.73,1020.0,87.0,3.09,270.0,1.0,95.0
0.6929133858267716,18.0,15.65,19.73,1020.0,87.0,3.09,270.0,1.0,85.0
0.7224409448818898,17.19,15.03,18.62,1015.0,87.0,4.12,180.0,1.0,110.0
0.6377952755905512,17.19,15.03,18.62,1015.0,87.0,4.12,180.0,1.0,86.0
0.8681102362204725,18.0700000000001,16.81,18.84,1015.0,90.0,3.6,170.0,1.0,116.0
0.7322834645669292,18.21,16.34,19.21,1014.0,83.0,3.05,167.0,1.0,131.0
0.75,18.21,16.34,19.21,1014.0,83.0,3.05,167.0,1.0,92.0
0.7736220472440944,16.92,15.78,18.14,1018.0,89.0,0.45,264.0,1.0,139.0
0.702755905511811,16.92,15.78,18.14,1018.0,89.0,0.45,264.0,1.0,96.0
0.7854330708661418,16.56,15.59,17.93,1027.0,91.0,4.22,33.0,1.0,139.0
0.7125984251968503,15.09,14.28,15.89,1025.0,78.0,0.45,355.0,1.0,91.0
0.7440944881889764,15.09,14.28,15.89,1025.0,78.0,0.45,355.0,1.0,80.0
0.7618110236220472,14.9,13.66,16.03,1018.0,87.0,4.63,81.0,1.0,72.0
0.7677165354330708,18.8,16.48,20.49,1020.0,76.0,2.74,89.0,1.0,111.0
0.7795275590551181,19.34,17.73,20.3200000000001,1022.0,80.0,1.82,191.0,4.0,127.0
0.6771653543307087,19.34,17.73,20.3200000000001,1022.0,80.0,1.82,191.0,4.0,86.0
0.7677165354330708,25.56,23.73,27.03,1022.0,57.0,2.78,166.0,4.0,116.0
0.6830708661417323,17.31,16.43,18.51,1011.0,95.0,3.85,250.0,1.0,98.0
0.8110236220472441,19.77,17.93,20.9,1014.0,78.0,0.45,267.0,1.0,122.0
0.75,15.04,13.5700000000001,16.46,1018.0,81.0,5.38,82.0,1.0,103.0
0.7854330708661418,13.93,12.77,15.3200000000001,1019.0,79.0,4.41,100.0,1.0,130.0
0.6771653543307087,13.93,12.77,15.3200000000001,1019.0,79.0,4.41,100.0,1.0,79.0
0.7736220472440944,14.73,13.71,15.9,1011.0,97.0,3.06,23.0,1.0,90.0
0.8326771653543307,12.65,10.84,14.68,1015.0,93.0,1.71,259.0,1.0,83.0
0.7322834645669292,13.69,12.72,15.48,1015.0,86.0,2.74,207.0,1.0,95.0
0.8248031496062992,16.09,14.54,17.42,1012.0,82.0,2.62,171.0,1.0,97.0
0.6929133858267716,16.08,14.53,17.23,1011.0,82.0,3.16,159.0,1.0,82.0
0.7283464566929134,11.79,9.81,13.34,1029.0,90.0,2.13,224.0,1.0,88.0
0.7322834645669292,13.7,12.59,15.01,1022.0,84.0,4.52,266.0,1.0,85.0
0.75,14.24,12.73,15.56,1017.0,83.0,1.56,328.0,1.0,114.0
0.7066929133858267,17.65,16.43,18.89,1013.0,85.0,4.01,261.0,1.0,94.0
0.6161417322834646,16.46,14.73,18.34,1010.0,92.0,2.77,161.0,1.0,94.0
0.8051181102362205,15.8200000000001,14.73,17.4,1008.0,83.0,0.89,235.0,1.0,106.0
0.8051181102362205,10.33,9.26000000000005,11.79,1014.0,85.0,6.27,216.0,1.0,84.0
0.75,11.02,10.38,11.85,1009.0,96.0,4.08,246.0,1.0,88.0
0.7283464566929134,8.64000000000004,7.60000000000002,9.84000000000003,1024.0,81.0,0.45,257.0,1.0,106.0
0.7618110236220472,11.03,9.57000000000005,12.56,986.0,92.0,0.45,275.0,1.0,101.0
0.7440944881889764,11.19,10.24,12.78,1003.0,90.0,5.71,175.0,1.0,95.0
0.6594488188976378,8.88,8.02000000000004,10.34,985.0,87.0,1.79,283.0,1.0,93.0
0.3779527559055118,4.45000000000005,2.54000000000002,6.67000000000002,995.0,94.0,2.76,239.0,1.0,81.0
0.6988188976377953,6.54000000000002,5.38,7.73000000000002,1009.0,85.0,0.45,292.0,1.0,86.0
0.594488188976378,1.86000000000001,0.129999999999995,3.81,1021.0,90.0,2.45,318.0,1.0,93.0
0.6771653543307087,7.70000000000005,6.44,9.47000000000003,1026.0,91.0,3.37,241.0,1.0,84.0
0.7559055118110236,11.34,10.69,12.31,1017.0,92.0,0.45,269.0,1.0,82.0
0.7421259842519685,5.13,3.42000000000002,7.45000000000005,1022.0,89.0,0.45,271.0,1.0,90.0
0.6377952755905512,11.44,10.88,12.14,1021.0,97.0,4.69,215.0,1.0,86.0
0.7322834645669292,11.77,10.4,13.34,1020.0,89.0,0.45,246.0,1.0,88.0
0.6594488188976378,9.65000000000003,8.32000000000005,11.84,1017.0,92.0,0.45,240.0,1.0,83.0
0.8248031496062992,10.64,9.77000000000004,11.84,1007.0,86.0,7.52,281.0,1.0,94.0
0.7913385826771654,6.5,2.74000000000001,9.64000000000004,1025.0,97.0,1.47,216.0,2.0,91.0
0.7165354330708661,6.88,5.34000000000003,9.03000000000003,1026.0,87.0,4.19,229.0,1.0,92.0
0.7736220472440944,2.70000000000005,1.71000000000004,3.89000000000004,1025.0,86.0,1.34,27.0,1.0,87.0
0.75,1.70000000000005,-0.159999999999968,3.67000000000002,1033.0,94.0,1.24,319.0,2.0,84.0
0.6929133858267716,6.48000000000002,5.88,7.32000000000005,1029.0,94.0,1.95,305.0,2.0,78.0
0.7440944881889764,5.25,3.67000000000002,6.61000000000001,1015.0,94.0,2.87,319.0,1.0,90.0
0.7322834645669292,2.63,1.49000000000001,3.92000000000002,1012.0,84.0,4.38,264.0,1.0,100.0
0.7165354330708661,-2.37,-4.22999999999996,-0.269999999999982,1011.0,98.0,3.33,320.0,1.0,83.0
0.6299212598425197,9.93000000000001,9.21000000000004,10.84,995.0,90.0,1.79,267.0,1.0,89.0
0.7283464566929134,1.13,0.28000000000003,2.18000000000001,1007.0,83.0,0.89,295.0,1.0,87.0
0.7618110236220472,1.10000000000002,-0.159999999999968,2.64000000000004,1011.0,84.0,0.45,212.0,1.0,84.0
0.7381889763779528,4.10000000000002,2.54000000000002,6.20000000000005,997.0,97.0,1.5,226.0,3.0,79.0
0.7322834645669292,4.30000000000001,2.64000000000004,6.07000000000005,997.0,90.0,1.79,311.0,1.0,80.0
0.6988188976377953,1.90000000000003,0.800000000000011,3.0,1006.0,92.0,5.84,269.0,1.0,81.0
0.655511811023622,9.12,8.09000000000003,10.65,1025.0,95.0,4.74,242.0,1.0,91.0
0.23622047244094488,4.47000000000003,3.57000000000005,5.32000000000005,1031.0,98.0,4.46,45.0,1.0,88.0
0.4094488188976378,1.75,-1.53999999999996,3.95000000000005,1025.0,80.0,2.7,145.0,1.0,82.0
0.6220472440944882,2.94,1.99000000000001,4.45000000000005,1012.0,94.0,4.0,158.0,2.0,89.0
0.9330708661417323,6.82000000000005,5.73000000000002,8.73000000000002,1005.0,96.0,3.76,239.0,1.0,81.0
0.7795275590551181,7.46000000000004,5.16000000000003,9.5,1001.0,95.0,1.36,130.0,1.0,103.0
0.7224409448818898,8.33000000000004,5.59000000000003,10.7,999.0,98.0,5.07,123.0,1.0,101.0
0.8051181102362205,10.2,9.02000000000004,10.97,985.0,97.0,3.14,204.0,1.0,90.0
0.8635097493036211,11.92,10.35,13.12,1023.0,76.0,0.45,244.0,2.0,89.0
0.9303621169916435,13.67,12.54,14.79,1024.0,72.0,0.45,226.0,2.0,100.0
0.8050139275766016,14.4,12.01,15.06,1017.0,80.0,0.89,212.0,2.0,93.0
0.8969359331476323,13.56,12.59,16.51,1015.0,93.0,0.45,244.0,1.0,93.0
0.7883008356545961,10.27,8.09000000000003,12.0700000000001,1018.0,94.0,1.54,230.0,1.0,93.0
0.766016713091922,14.5700000000001,13.51,15.08,1019.0,89.0,0.89,234.0,2.0,78.0
0.6128133704735376,14.42,13.3,15.05,1010.0,87.0,1.34,211.0,1.0,83.0
0.8245125348189415,11.55,9.44,13.23,991.0,91.0,0.45,216.0,1.0,88.0
0.7715877437325905,12.91,9.35000000000002,13.97,997.0,85.0,1.79,183.0,1.0,111.0
0.7771587743732591,9.90000000000003,7.75,11.43,994.0,82.0,0.45,233.0,1.0,81.0
0.7520891364902507,2.79000000000002,1.23000000000002,6.46000000000004,998.0,98.0,2.85,278.0,1.0,87.0
0.7715877437325905,6.29000000000002,4.97000000000003,7.01000000000005,1013.0,84.0,0.89,30.0,1.0,89.0
0.5766016713091922,0.520000000000039,-2.17999999999995,4.20000000000005,1025.0,92.0,0.51,30.0,1.0,83.0
0.6852367688022284,9.93000000000001,8.64000000000004,11.46,1028.0,89.0,3.09,260.0,1.0,92.0
0.7158774373259053,10.54,9.21000000000004,11.51,1023.0,80.0,0.89,250.0,2.0,84.0
0.8551532033426184,3.76000000000005,0.890000000000043,6.46000000000004,1024.0,86.0,2.26,298.0,1.0,106.0
0.8802228412256268,11.06,8.71000000000004,12.54,1023.0,94.0,3.31,257.0,1.0,95.0
0.8523676880222841,11.59,10.87,12.12,1022.0,94.0,1.54,250.0,1.0,79.0
0.9080779944289693,8.5,6.43000000000001,12.54,1023.0,94.0,1.6,289.0,1.0,89.0
0.7799442896935933,9.97000000000003,8.80000000000001,10.99,1022.0,87.0,0.89,338.0,1.0,72.0
0.7827298050139275,10.01,8.33000000000004,10.9,1025.0,92.0,0.45,35.0,1.0,101.0
1.0,8.48000000000002,7.12,10.3200000000001,1022.0,93.0,0.45,270.0,1.0,96.0
0.9331476323119777,8.87,5.77000000000004,11.43,1029.0,88.0,2.57,260.0,1.0,83.0
0.9303621169916435,2.71000000000004,1.11000000000001,4.79000000000002,1027.0,89.0,1.34,20.0,1.0,94.0
0.6963788300835655,4.84000000000003,2.68000000000001,7.07000000000005,1024.0,97.0,1.19,343.0,2.0,88.0
0.6796657381615598,7.13,5.23000000000002,8.68000000000001,1000.0,88.0,0.45,240.0,1.0,64.0
0.8467966573816156,3.69,2.23000000000002,3.84000000000003,994.0,81.0,12.86,350.0,1.0,89.0
0.9025069637883009,0.400000000000034,0.230000000000018,1.89000000000004,1008.0,69.0,8.3,337.0,1.0,113.0
0.871866295264624,8.61000000000001,6.99000000000001,10.12,1015.0,90.0,0.45,244.0,1.0,81.0
0.947075208913649,11.05,9.81,11.79,1004.0,93.0,2.57,220.0,1.0,110.0
0.883008356545961,7.14000000000004,5.45000000000005,8.18000000000001,997.0,96.0,3.69,280.0,1.0,109.0
0.7604456824512534,5.27000000000004,4.20000000000005,6.98000000000002,1005.0,86.0,1.79,20.0,1.0,77.0
0.7493036211699164,6.29000000000002,4.75,7.57000000000005,988.0,78.0,0.45,239.0,1.0,86.0
0.7966573816155988,11.79,10.35,12.89,1018.0,94.0,0.45,223.0,1.0,76.0
0.8523676880222841,11.31,10.3200000000001,12.12,1030.0,94.0,2.06,220.0,1.0,90.0
0.841225626740947,9.5,8.24000000000001,10.3200000000001,1036.0,95.0,0.0,0.0,1.0,74.0
0.8189415041782729,8.03000000000003,7.12,8.76000000000005,1037.0,89.0,1.34,50.0,1.0,69.0
0.8022284122562674,8.41000000000003,5.89000000000004,10.3200000000001,1005.0,96.0,3.36,222.0,1.0,103.0
0.8774373259052924,4.08000000000004,3.10000000000002,5.12,1002.0,80.0,2.24,18.0,1.0,100.0
0.883008356545961,4.49000000000001,2.54000000000002,6.43000000000001,1011.0,87.0,0.45,236.0,1.0,99.0
0.8217270194986073,8.24000000000001,5.43000000000001,10.12,1009.0,94.0,0.45,232.0,1.0,83.0
0.8523676880222841,8.77000000000004,7.78000000000003,9.87,1026.0,96.0,1.3,201.0,1.0,101.0
0.8272980501392758,1.72000000000003,-0.17999999999995,5.35000000000002,1040.0,94.0,0.89,36.0,2.0,75.0
0.935933147632312,3.56,0.400000000000034,5.32000000000005,1037.0,86.0,2.45,36.0,4.0,94.0
0.7799442896935933,1.85000000000002,-0.109999999999957,4.76000000000005,1026.0,90.0,1.71,191.0,4.0,86.0
0.8857938718662952,6.42000000000002,3.84000000000003,9.01000000000005,1024.0,96.0,1.54,0.0,1.0,102.0
0.9763636363636363,16.52,14.59,18.68,1015.0,72.0,3.21,28.0,1.0,104.0
0.8945454545454545,16.52,14.59,18.68,1015.0,72.0,3.21,28.0,1.0,99.0
0.8781818181818182,14.2,12.78,16.29,1017.0,77.0,6.47,40.0,1.0,99.0
0.8709090909090909,15.24,12.78,19.61,1015.0,76.0,4.49,25.0,1.0,105.0
0.9418181818181818,16.7,15.01,18.97,1017.0,76.0,1.27,38.0,1.0,108.0
0.9327272727272727,16.7,15.01,18.97,1017.0,76.0,1.27,38.0,1.0,89.0
0.9836363636363636,15.89,13.98,18.6,1017.0,78.0,0.01,243.0,1.0,74.0
0.8545454545454545,20.68,19.75,21.83,1014.0,86.0,2.94,213.0,1.0,91.0
0.9618181818181818,16.2,14.27,17.46,1002.0,75.0,3.11,173.0,1.0,109.0
0.8781818181818182,15.5700000000001,14.31,16.76,1004.0,79.0,6.36,218.0,1.0,105.0
0.8545454545454545,15.5700000000001,14.31,16.76,1004.0,79.0,6.36,218.0,1.0,86.0
0.9327272727272727,19.64,16.97,21.45,1013.0,78.0,5.8,211.0,1.0,83.0
0.8545454545454545,19.64,16.97,21.45,1013.0,78.0,5.8,211.0,1.0,84.0
1.0,19.81,18.34,21.3200000000001,1019.0,77.0,2.0,250.0,1.0,98.0
0.9509090909090909,19.81,18.34,21.3200000000001,1019.0,77.0,2.0,250.0,1.0,91.0
0.7945454545454546,17.78,15.48,20.21,1016.0,75.0,2.57,0.0,1.0,88.0
0.9145454545454546,17.78,15.48,20.21,1016.0,75.0,2.57,0.0,1.0,100.0
0.8545454545454545,22.36,21.12,23.92,1018.0,78.0,3.15,332.0,2.0,83.0
0.9509090909090909,19.66,17.12,22.23,1024.0,79.0,4.63,30.0,1.0,100.0
0.8872727272727273,19.66,17.12,22.23,1024.0,79.0,4.63,30.0,1.0,110.0
0.9327272727272727,23.06,21.41,24.97,1028.0,81.0,2.49,83.0,2.0,101.0
0.9218181818181819,23.06,21.41,24.97,1028.0,81.0,2.49,83.0,2.0,98.0
0.8618181818181818,25.18,23.63,26.83,1027.0,74.0,1.86,81.0,1.0,93.0
0.7090909090909091,25.18,23.63,26.83,1027.0,74.0,1.86,81.0,1.0,94.0
0.8018181818181818,25.01,22.75,27.6,1023.0,69.0,1.05,265.0,1.0,100.0
0.9672727272727273,28.48,26.73,31.29,1021.0,59.0,2.34,340.0,2.0,97.0
0.9418181818181818,29.85,24.24,31.62,1019.0,46.0,5.14,260.0,3.0,100.0
0.7945454545454546,27.9,25.56,29.96,1023.0,55.0,4.12,30.0,2.0,86.0
0.7436363636363637,18.5,17.01,19.97,1014.0,74.0,5.56,96.0,1.0,99.0
0.7290909090909091,19.48,17.3,21.94,1008.0,77.0,5.46,28.0,2.0,94.0
0.7745454545454545,19.17,17.0,20.99,1008.0,89.0,2.84,41.0,1.0,1.0
0.8018181818181818,24.16,22.97,26.14,1009.0,56.0,2.57,190.0,2.0,1.0
0.9145454545454546,18.96,17.65,20.49,1006.0,78.0,3.39,192.0,1.0,91.0
0.6672727272727272,18.96,17.65,20.49,1006.0,78.0,3.39,192.0,1.0,103.0
0.7436363636363637,15.12,12.86,17.01,1007.0,71.0,6.9,248.0,1.0,107.0
0.8963636363636364,18.15,16.42,20.01,1009.0,65.0,3.28,269.0,1.0,86.0
0.7381818181818182,14.76,13.54,16.12,1011.0,44.0,1.64,295.0,1.0,92.0
0.8236363636363636,14.33,12.79,16.46,1015.0,84.0,2.57,100.0,1.0,72.0
0.7563636363636363,14.33,12.79,16.46,1015.0,84.0,2.57,100.0,1.0,93.0
0.8163636363636364,12.48,10.39,14.12,1014.0,78.0,1.06,164.0,2.0,95.0
0.7618181818181818,12.48,10.39,14.12,1014.0,78.0,1.06,164.0,2.0,95.0
0.8381818181818181,16.36,15.64,17.3200000000001,999.0,61.0,6.69,150.0,1.0,102.0
0.6436363636363637,16.44,15.64,17.94,997.0,78.0,6.82,249.0,1.0,100.0
0.96,14.15,12.78,15.6,1013.0,80.0,3.76,225.0,1.0,111.0
0.8309090909090909,18.5,17.56,19.68,1021.0,77.0,4.58,237.0,1.0,96.0
0.7872727272727272,18.86,17.4,20.12,1011.0,73.0,4.14,248.0,1.0,104.0
0.9690909090909091,16.23,14.5,18.75,1017.0,71.0,7.27,310.0,1.0,83.0
0.9418181818181818,13.53,12.78,14.2,1019.0,79.0,4.83,264.0,1.0,92.0
0.9158699808795411,16.15,14.59,18.59,1017.0,74.0,4.12,350.0,1.0,89.0
0.8814531548757171,16.15,14.59,18.59,1017.0,74.0,4.12,350.0,1.0,96.0
0.8738049713193117,20.93,18.17,23.06,1017.0,67.0,2.06,320.0,2.0,93.0
0.8279158699808795,17.65,15.28,20.58,1016.0,75.0,2.06,250.0,1.0,94.0
0.8891013384321224,17.65,15.28,20.58,1016.0,75.0,2.06,250.0,1.0,92.0
0.8432122370936902,17.61,16.4,18.61,1007.0,79.0,4.63,160.0,1.0,101.0
0.8432122370936902,17.61,16.4,18.61,1007.0,79.0,4.63,160.0,1.0,109.0
0.8891013384321224,17.59,15.58,19.0700000000001,1003.0,70.0,4.63,190.0,1.0,104.0
0.8221797323135756,17.59,15.58,19.0700000000001,1003.0,70.0,4.63,190.0,1.0,88.0
0.8891013384321224,16.73,14.99,17.94,1000.0,72.0,9.26,240.0,1.0,81.0
0.8355640535372849,16.73,14.99,17.94,1000.0,72.0,9.26,240.0,1.0,88.0
0.7284894837476099,14.29,13.25,15.37,1016.0,79.0,3.6,190.0,1.0,72.0
0.7437858508604207,18.13,16.25,19.28,1011.0,80.0,3.6,220.0,1.0,84.0
0.8279158699808795,19.01,17.71,20.63,1018.0,83.0,4.63,160.0,1.0,85.0
0.768642447418738,18.5700000000001,17.39,20.0700000000001,1021.0,88.0,3.09,160.0,1.0,82.0
0.7839388145315488,17.37,16.25,18.65,1012.0,86.0,2.57,280.0,1.0,76.0
0.9063097514340345,18.59,16.63,19.83,1019.0,84.0,3.6,260.0,1.0,81.0
0.8508604206500956,21.8,18.61,23.53,1020.0,62.0,4.12,320.0,1.0,90.0
0.6653919694072657,19.16,17.27,20.88,1025.0,49.0,0.45,107.0,2.0,89.0
0.8661567877629063,19.99,18.28,22.59,1021.0,71.0,5.14,70.0,2.0,87.0
0.8738049713193117,18.8200000000001,17.36,20.58,1018.0,76.0,4.63,60.0,1.0,97.0
0.5965583173996176,16.03,14.94,17.61,1030.0,87.0,2.06,110.0,1.0,100.0
0.8814531548757171,16.03,14.94,17.61,1030.0,87.0,2.06,110.0,1.0,100.0
0.8432122370936902,14.92,13.18,17.06,1029.0,87.0,3.6,330.0,2.0,97.0
0.762906309751434,12.5700000000001,10.51,13.91,1019.0,86.0,3.6,240.0,1.0,83.0
0.8011472275334608,12.11,10.95,15.0700000000001,1016.0,92.0,0.89,157.0,2.0,89.0
0.7877629063097514,10.65,9.43000000000001,13.18,1021.0,82.0,1.54,170.0,2.0,83.0
0.7476099426386233,7.90000000000003,5.99000000000001,10.96,1016.0,89.0,1.54,170.0,1.0,60.0
0.7820267686424475,7.90000000000003,5.99000000000001,10.96,1016.0,89.0,1.54,170.0,1.0,70.0
0.8011472275334608,9.07000000000005,7.91000000000003,10.83,1004.0,81.0,5.66,340.0,1.0,89.0
0.8508604206500956,13.08,11.33,14.74,1023.0,86.0,2.24,191.0,1.0,99.0
0.8087954110898662,11.51,10.14,12.67,1023.0,89.0,1.54,190.0,1.0,87.0
0.8891013384321224,11.51,10.14,12.67,1023.0,89.0,1.54,190.0,1.0,86.0
0.8145315487571702,12.87,11.62,14.04,1010.0,87.0,8.23,220.0,1.0,105.0
0.8279158699808795,5.78000000000003,3.61000000000001,8.36000000000001,998.0,90.0,1.03,200.0,1.0,79.0
0.8221797323135756,5.78000000000003,3.61000000000001,8.36000000000001,998.0,90.0,1.03,200.0,1.0,68.0
0.7877629063097514,6.60000000000002,5.51000000000005,7.68000000000001,998.0,70.0,6.69,250.0,1.0,77.0
0.7877629063097514,6.78000000000003,5.22000000000003,8.03000000000003,1004.0,88.0,5.66,240.0,1.0,103.0
0.8279158699808795,7.82000000000005,6.25,9.34000000000003,992.0,70.0,7.2,240.0,1.0,71.0
0.7992351816443595,5.59000000000003,4.43000000000001,7.07000000000005,1016.0,83.0,0.51,0.0,1.0,95.0
1.0,11.51,10.25,12.49,1027.0,85.0,3.09,210.0,1.0,88.0
0.762906309751434,10.3,9.08000000000004,11.42,1035.0,81.0,2.06,250.0,1.0,86.0
0.7743785850860421,8.12,6.19,10.2,1039.0,79.0,5.14,70.0,2.0,100.0
0.8145315487571702,4.52000000000004,2.38,6.90000000000003,1031.0,84.0,3.09,60.0,1.0,85.0
0.9253996447602132,22.3,21.76,23.14,1018.0,45.0,7.2,320.0,2.0,99.0
0.911190053285968,29.43,28.4,32.6,1015.0,32.0,5.14,210.0,2.0,108.0
0.8756660746003553,26.98,23.6,29.25,1013.0,39.0,2.06,320.0,1.0,96.0
1.0,24.29,23.4,26.48,1016.0,50.0,1.54,320.0,1.0,115.0
0.8880994671403197,32.88,31.51,35.92,1017.0,31.0,4.12,190.0,3.0,93.0
1.0,17.03,14.38,19.77,1019.0,83.0,3.09,40.0,1.0,105.0
0.9915254237288136,17.03,14.38,19.77,1019.0,83.0,3.09,40.0,1.0,73.0
0.923728813559322,14.3,13.49,15.44,1019.0,93.0,4.63,40.0,1.0,94.0
0.9728813559322034,14.3,13.49,15.44,1019.0,93.0,4.63,40.0,1.0,73.0
0.9322033898305084,14.21,13.49,15.83,1015.0,92.0,5.66,50.0,1.0,76.0
0.923728813559322,14.21,13.49,15.83,1015.0,92.0,5.66,50.0,1.0,73.0
0.964406779661017,15.15,14.38,15.75,1015.0,85.0,4.63,30.0,1.0,86.0
0.964406779661017,15.15,14.38,15.75,1015.0,85.0,4.63,30.0,1.0,70.0
0.9101694915254237,12.28,11.27,13.14,1015.0,92.0,4.12,330.0,1.0,79.0
0.9915254237288136,12.28,11.27,13.14,1015.0,92.0,4.12,330.0,1.0,81.0
0.9813559322033898,12.61,10.65,14.76,1017.0,86.0,4.12,280.0,1.0,80.0
0.9474576271186441,12.61,10.65,14.76,1017.0,86.0,4.12,280.0,1.0,73.0
0.9389830508474576,14.03,12.92,15.75,1016.0,93.0,1.03,0.0,1.0,88.0
0.9711864406779661,14.03,12.92,15.75,1016.0,93.0,1.03,0.0,1.0,78.0
0.9389830508474576,16.49,14.6,18.77,1013.0,95.0,3.6,90.0,1.0,94.0
0.9559322033898305,16.49,14.6,18.77,1013.0,95.0,3.6,90.0,1.0,71.0
0.9525423728813559,14.61,13.49,16.05,1009.0,95.0,2.57,190.0,1.0,105.0
0.9084745762711864,14.61,13.49,16.05,1009.0,95.0,2.57,190.0,1.0,99.0
0.9084745762711864,14.16,12.93,14.88,1005.0,91.0,3.09,220.0,1.0,75.0
0.9322033898305084,14.16,12.93,14.88,1005.0,91.0,3.09,220.0,1.0,78.0
0.9728813559322034,14.8200000000001,13.49,15.83,995.0,85.0,5.66,180.0,1.0,73.0
0.9474576271186441,14.8200000000001,13.49,15.83,995.0,85.0,5.66,180.0,1.0,86.0
0.9084745762711864,15.67,14.6,17.03,1015.0,78.0,3.79,193.0,1.0,81.0
0.9322033898305084,15.67,14.6,17.03,1015.0,78.0,3.79,193.0,1.0,67.0
0.9101694915254237,15.79,14.6,17.03,1018.0,84.0,4.12,210.0,1.0,118.0
0.923728813559322,15.79,14.6,17.03,1018.0,84.0,4.12,210.0,1.0,97.0
0.9322033898305084,14.78,12.38,16.31,1020.0,97.0,0.51,0.0,1.0,73.0
0.9389830508474576,14.78,12.38,16.31,1020.0,97.0,0.51,0.0,1.0,94.0
0.9474576271186441,13.86,12.86,14.81,1017.0,92.0,0.54,326.0,2.0,92.0
0.9322033898305084,13.86,12.86,14.81,1017.0,92.0,0.54,326.0,2.0,86.0
0.9728813559322034,15.01,14.65,17.03,1014.0,94.0,3.6,150.0,1.0,83.0
0.9084745762711864,15.01,14.65,17.03,1014.0,94.0,3.6,150.0,1.0,78.0
0.9389830508474576,15.61,15.08,15.99,1013.0,89.0,1.94,83.0,1.0,109.0
0.9322033898305084,15.61,15.08,15.99,1013.0,89.0,1.94,83.0,1.0,69.0
0.923728813559322,15.0700000000001,13.65,16.05,1032.0,77.0,0.89,216.0,1.0,77.0
0.9389830508474576,16.89,15.77,19.6,1035.0,91.0,0.45,11.0,2.0,101.0
0.964406779661017,16.89,15.77,19.6,1035.0,91.0,0.45,11.0,2.0,107.0
0.923728813559322,15.28,13.49,16.8200000000001,1031.0,89.0,2.06,260.0,1.0,99.0
0.9474576271186441,15.28,13.49,16.8200000000001,1031.0,89.0,2.06,260.0,1.0,90.0
0.9169491525423729,15.75,14.77,18.74,1027.0,83.0,2.57,120.0,1.0,77.0
0.9389830508474576,17.95,16.77,19.64,1027.0,85.0,0.45,5.0,1.0,62.0
0.923728813559322,17.95,16.77,19.64,1027.0,85.0,0.45,5.0,1.0,93.0
0.9813559322033898,21.81,19.08,23.77,1030.0,67.0,1.03,0.0,1.0,77.0
0.9152542372881356,21.81,19.08,23.77,1030.0,67.0,1.03,0.0,1.0,96.0
0.9169491525423729,15.37,13.5700000000001,16.8200000000001,1030.0,96.0,0.51,0.0,2.0,95.0
0.9389830508474576,15.37,13.5700000000001,16.8200000000001,1030.0,96.0,0.51,0.0,2.0,74.0
0.923728813559322,15.63,14.6,16.86,1021.0,84.0,2.57,60.0,1.0,63.0
0.9033898305084745,20.5,18.53,21.65,1015.0,69.0,0.89,348.0,1.0,87.0
0.8966101694915254,16.54,15.7,17.1,1007.0,95.0,3.09,30.0,1.0,98.0
0.8932203389830509,16.54,15.7,17.1,1007.0,95.0,3.09,30.0,1.0,90.0
0.9101694915254237,15.6,14.03,16.61,1010.0,95.0,1.03,0.0,1.0,86.0
0.9322033898305084,15.6,14.03,16.61,1010.0,95.0,1.03,0.0,1.0,85.0
0.9322033898305084,20.75,18.49,21.86,1015.0,71.0,5.14,250.0,1.0,97.0
0.8898305084745762,20.75,18.49,21.86,1015.0,71.0,5.14,250.0,1.0,73.0
0.8186440677966101,17.21,15.71,19.16,1005.0,86.0,5.66,240.0,1.0,91.0
0.9322033898305084,13.25,11.31,14.94,1008.0,89.0,3.6,250.0,1.0,88.0
0.9491525423728814,18.02,16.8200000000001,19.74,1015.0,57.0,2.57,60.0,1.0,71.0
0.9491525423728814,17.71,14.04,18.66,1014.0,66.0,1.54,0.0,1.0,106.0
0.9322033898305084,17.71,14.04,18.66,1014.0,66.0,1.54,0.0,1.0,75.0
0.9491525423728814,21.1,18.83,22.6,1018.0,58.0,4.63,110.0,2.0,85.0
0.9576271186440678,16.21,15.38,17.59,997.0,79.0,5.14,190.0,1.0,109.0
0.847457627118644,13.24,12.46,14.65,1000.0,92.0,4.63,200.0,1.0,84.0
0.9322033898305084,13.24,12.46,14.65,1000.0,92.0,4.63,200.0,1.0,70.0
0.9745762711864406,14.74,14.12,15.5,1010.0,91.0,3.09,210.0,1.0,85.0
0.8983050847457628,15.7,13.65,17.59,1017.0,83.0,1.03,240.0,1.0,112.0
0.9491525423728814,15.7,13.65,17.59,1017.0,83.0,1.03,240.0,1.0,75.0
0.9491525423728814,18.37,16.27,19.38,1018.0,84.0,3.6,220.0,1.0,110.0
0.9491525423728814,15.05,13.74,15.77,1019.0,84.0,4.12,210.0,1.0,76.0
0.9152542372881356,21.53,19.6,23.77,1018.0,67.0,4.12,240.0,1.0,72.0
0.8983050847457628,18.16,16.24,20.13,1013.0,80.0,0.45,185.0,1.0,105.0
0.9322033898305084,18.16,16.24,20.13,1013.0,80.0,0.45,185.0,1.0,74.0
0.9152542372881356,17.7,16.05,19.08,1013.0,77.0,5.14,250.0,1.0,64.0
0.8983050847457628,17.0700000000001,16.27,18.05,1015.0,93.0,2.06,130.0,1.0,74.0
0.9152542372881356,15.8,14.65,16.77,1013.0,95.0,2.06,270.0,1.0,112.0
0.9491525423728814,17.03,16.77,17.66,1027.0,81.0,4.63,360.0,2.0,111.0
0.9661016949152542,17.03,16.77,17.66,1027.0,81.0,4.63,360.0,2.0,67.0
0.9152542372881356,17.12,14.94,18.01,1022.0,87.0,3.09,50.0,1.0,117.0
0.9152542372881356,17.12,14.94,18.01,1022.0,87.0,3.09,50.0,1.0,70.0
0.9152542372881356,14.94,12.38,17.16,1022.0,92.0,1.03,0.0,5.0,79.0
0.9322033898305084,14.94,12.38,17.16,1022.0,92.0,1.03,0.0,5.0,71.0
0.9152542372881356,15.8200000000001,14.04,18.09,1016.0,94.0,2.06,100.0,5.0,83.0
0.8983050847457628,16.87,16.35,18.27,1008.0,95.0,0.51,0.0,2.0,90.0
0.9152542372881356,13.91,12.38,14.94,1017.0,87.0,2.57,290.0,1.0,106.0
0.9491525423728814,13.91,12.38,14.94,1017.0,87.0,2.57,290.0,1.0,83.0
0.9661016949152542,15.81,15.16,17.1,1014.0,94.0,3.09,60.0,1.0,89.0
0.9322033898305084,14.75,12.93,15.77,1012.0,93.0,3.09,310.0,1.0,80.0
0.9152542372881356,16.73,16.27,17.72,1015.0,85.0,3.6,130.0,3.0,73.0
0.9152542372881356,15.48,14.04,16.77,1013.0,90.0,3.09,130.0,2.0,106.0
0.923728813559322,15.48,14.04,16.77,1013.0,90.0,3.09,130.0,2.0,78.0
0.9152542372881356,10.77,10.65,10.77,1029.0,100.0,2.06,260.0,2.0,78.0
0.8983050847457628,10.77,10.65,10.77,1029.0,100.0,2.06,260.0,2.0,65.0
0.9152542372881356,11.33,9.65000000000003,12.59,1028.0,92.0,3.09,210.0,1.0,90.0
0.9322033898305084,11.29,10.14,12.38,1018.0,91.0,6.17,220.0,1.0,90.0
0.9322033898305084,11.29,10.14,12.38,1018.0,91.0,6.17,220.0,1.0,71.0
0.9322033898305084,12.61,10.74,13.83,1015.0,89.0,3.09,210.0,1.0,107.0
0.864406779661017,21.65,18.89,22.84,1014.0,71.0,1.54,0.0,1.0,77.0
0.864406779661017,14.26,13.11,15.16,1011.0,94.0,2.85,159.0,1.0,99.0
0.9491525423728814,16.97,16.35,17.77,1006.0,87.0,6.69,170.0,1.0,88.0
0.8813559322033898,9.77000000000004,8.49000000000001,11.43,1019.0,87.0,2.57,190.0,1.0,98.0
0.8813559322033898,13.71,12.5700000000001,14.83,1017.0,64.0,3.58,242.0,1.0,104.0
0.9152542372881356,11.85,8.97000000000003,12.88,994.0,84.0,0.89,165.0,1.0,126.0
0.9152542372881356,11.85,8.97000000000003,12.88,994.0,84.0,0.89,165.0,1.0,82.0
0.9322033898305084,11.54,10.95,13.36,1021.0,89.0,3.11,199.0,1.0,75.0
0.9152542372881356,13.26,11.13,13.99,1028.0,91.0,2.1,184.0,1.0,77.0
0.9152542372881356,10.13,9.60000000000002,12.38,1023.0,89.0,0.45,52.0,1.0,99.0
0.9152542372881356,10.13,9.60000000000002,12.38,1023.0,89.0,0.45,52.0,1.0,77.0
0.9322033898305084,5.48000000000002,4.04000000000002,8.83000000000004,1027.0,93.0,0.0,0.0,1.0,69.0
0.8813559322033898,9.78000000000003,9.04000000000002,12.03,1023.0,94.0,2.06,180.0,2.0,121.0
0.9152542372881356,9.78000000000003,9.04000000000002,12.03,1023.0,94.0,2.06,180.0,2.0,73.0
0.9152542372881356,11.6,10.7,13.05,1026.0,81.0,3.09,200.0,1.0,68.0
0.9152542372881356,11.6,10.7,13.05,1026.0,81.0,3.09,200.0,1.0,104.0
0.9322033898305084,11.6,10.7,13.05,1026.0,81.0,3.09,200.0,1.0,83.0
0.8983050847457628,11.06,10.16,12.5,1021.0,78.0,3.09,170.0,2.0,117.0
0.8983050847457628,11.06,10.16,12.5,1021.0,78.0,3.09,170.0,2.0,81.0
0.9152542372881356,8.28000000000003,7.0,9.60000000000002,1015.0,93.0,3.09,210.0,1.0,90.0
0.9152542372881356,8.28000000000003,7.0,9.60000000000002,1015.0,93.0,3.09,210.0,1.0,72.0
0.8983050847457628,8.62,7.38,12.42,999.0,92.0,2.57,120.0,1.0,72.0
0.9152542372881356,8.62,7.38,12.42,999.0,92.0,2.57,120.0,1.0,86.0
0.9322033898305084,8.57000000000005,7.86000000000001,9.47000000000003,1004.0,93.0,4.12,300.0,1.0,104.0
0.9491525423728814,9.27000000000004,6.84000000000003,10.36,1011.0,91.0,5.66,340.0,1.0,97.0
0.923728813559322,9.27000000000004,6.84000000000003,10.36,1011.0,91.0,5.66,340.0,1.0,69.0
0.9322033898305084,5.39000000000004,0.850000000000023,8.13,1024.0,86.0,3.6,260.0,1.0,90.0
0.9322033898305084,14.04,12.74,15.16,1022.0,80.0,5.66,210.0,1.0,98.0
0.9440677966101695,11.5,10.2,11.98,1023.0,97.0,2.57,240.0,2.0,114.0
0.9620938628158845,15.93,15.37,15.94,1023.0,73.0,2.57,0.0,2.0,131.0
0.983754512635379,14.92,14.14,15.35,1019.0,86.0,1.9,104.0,2.0,103.0
0.9620938628158845,14.92,14.14,15.35,1019.0,86.0,1.9,104.0,2.0,83.0
0.8249097472924187,15.27,14.14,15.9,1018.0,85.0,2.72,127.0,1.0,90.0
0.9404332129963899,16.91,16.35,18.01,1023.0,73.0,7.2,220.0,1.0,111.0
0.8212996389891697,14.91,14.35,14.92,1018.0,78.0,3.09,270.0,2.0,96.0
0.9602888086642599,17.92,17.35,17.92,1011.0,82.0,3.6,210.0,1.0,94.0
1.0,19.92,19.14,20.35,1001.0,74.0,7.97,182.0,1.0,93.0
0.9693140794223827,15.92,12.35,15.92,1004.0,55.0,5.14,240.0,1.0,62.0
0.907942238267148,13.92,13.35,13.92,1006.0,58.0,5.14,220.0,1.0,72.0
0.9350180505415162,6.92000000000002,6.92000000000002,8.56,1017.0,87.0,2.57,210.0,1.0,85.0
0.9350180505415162,6.92000000000002,6.92000000000002,8.56,1017.0,87.0,2.57,210.0,1.0,94.0
0.983754512635379,13.76,12.51,13.92,1011.0,91.0,1.54,170.0,1.0,91.0
0.5595667870036101,12.04,11.19,12.14,999.0,97.0,2.72,197.0,1.0,79.0
1.0,8.72000000000003,7.80000000000001,10.12,998.0,84.0,5.14,280.0,1.0,74.0
0.8933717579250721,8.72000000000003,7.80000000000001,10.12,998.0,84.0,5.14,280.0,1.0,83.0
0.8818443804034583,1.75,0.370000000000005,2.92000000000002,1011.0,85.0,0.51,0.0,1.0,84.0
0.829971181556196,6.16000000000003,2.88,9.03000000000003,1007.0,95.0,3.09,190.0,1.0,86.0
0.6368876080691642,6.16000000000003,2.88,9.03000000000003,1007.0,95.0,3.09,190.0,1.0,82.0
0.6512968299711815,6.05000000000001,4.40000000000003,7.23000000000002,999.0,91.0,3.09,300.0,1.0,75.0
0.7492795389048992,6.05000000000001,4.40000000000003,7.23000000000002,999.0,91.0,3.09,300.0,1.0,77.0
0.8270893371757925,5.11000000000001,4.23000000000002,6.05000000000001,1004.0,84.0,5.66,320.0,1.0,99.0
0.829971181556196,5.11000000000001,4.23000000000002,6.05000000000001,1004.0,84.0,5.66,320.0,1.0,81.0
0.8126801152737753,1.64000000000004,0.370000000000005,3.14000000000004,1014.0,93.0,0.0,0.0,1.0,83.0
0.8443804034582133,1.64000000000004,0.370000000000005,3.14000000000004,1014.0,93.0,0.0,0.0,1.0,87.0
0.9423631123919308,2.15000000000003,0.370000000000005,4.84000000000003,1007.0,93.0,0.0,0.0,1.0,87.0
0.792507204610951,2.15000000000003,0.370000000000005,4.84000000000003,1007.0,93.0,0.0,0.0,1.0,77.0
0.9106628242074928,5.78000000000003,4.25,7.07000000000005,989.0,77.0,5.66,220.0,1.0,100.0
0.8011527377521613,5.78000000000003,4.25,7.07000000000005,989.0,77.0,5.66,220.0,1.0,117.0
0.7867435158501441,3.55000000000001,1.60000000000002,6.52000000000004,1003.0,85.0,0.89,234.0,1.0,90.0
0.8818443804034583,3.55000000000001,1.60000000000002,6.52000000000004,1003.0,85.0,0.89,234.0,1.0,82.0
0.7463976945244957,5.15000000000003,3.67000000000002,6.49000000000001,996.0,81.0,4.63,290.0,1.0,102.0
0.8040345821325648,3.09000000000003,0.230000000000018,5.61000000000001,1016.0,93.0,1.23,247.0,1.0,75.0
0.6858789625360231,3.09000000000003,0.230000000000018,5.61000000000001,1016.0,93.0,1.23,247.0,1.0,76.0
0.8270893371757925,11.49,9.97000000000003,12.59,1020.0,95.0,2.57,190.0,1.0,100.0
0.6945244956772334,10.78,9.81,11.62,1022.0,94.0,4.63,190.0,1.0,79.0
0.6743515850144092,10.78,9.81,11.62,1022.0,94.0,4.63,190.0,1.0,85.0
0.6195965417867435,10.4,8.72000000000003,11.81,1026.0,96.0,2.57,210.0,1.0,84.0
0.7867435158501441,11.15,9.84000000000003,11.89,1029.0,95.0,2.57,200.0,1.0,69.0
0.7463976945244957,11.15,9.84000000000003,11.89,1029.0,95.0,2.57,200.0,1.0,78.0
0.7262247838616714,9.48000000000002,8.70000000000005,10.68,1037.0,93.0,0.86,268.0,1.0,92.0
0.7809798270893372,9.48000000000002,8.70000000000005,10.68,1037.0,93.0,0.86,268.0,1.0,79.0
0.7752161383285303,9.53000000000003,8.87,9.89000000000004,1040.0,71.0,1.03,0.0,3.0,86.0
0.8184438040345822,7.67000000000002,6.48000000000002,8.73000000000002,1038.0,89.0,1.54,70.0,1.0,72.0
0.6974063400576369,7.67000000000002,6.48000000000002,8.73000000000002,1038.0,89.0,1.54,70.0,1.0,82.0
0.7550432276657061,5.53000000000003,2.88,6.78000000000003,1035.0,97.0,1.54,30.0,1.0,85.0
0.7031700288184438,5.53000000000003,2.88,6.78000000000003,1035.0,97.0,1.54,30.0,1.0,87.0
0.7579250720461095,5.95000000000005,4.78000000000003,6.89000000000004,1028.0,86.0,2.06,70.0,1.0,85.0
0.7867435158501441,5.95000000000005,4.78000000000003,6.89000000000004,1028.0,86.0,2.06,70.0,1.0,79.0
0.7579250720461095,4.98000000000002,3.14000000000004,6.51000000000005,1025.0,77.0,1.03,0.0,1.0,86.0
0.7377521613832853,4.98000000000002,3.14000000000004,6.51000000000005,1025.0,77.0,1.03,0.0,1.0,79.0
0.6397694524495677,7.93000000000001,6.48000000000002,9.55000000000001,1009.0,93.0,3.09,170.0,2.0,84.0
0.8184438040345822,7.93000000000001,6.48000000000002,9.55000000000001,1009.0,93.0,3.09,170.0,2.0,72.0
0.7175792507204611,8.47000000000003,6.23000000000002,9.93000000000001,1005.0,96.0,1.03,0.0,1.0,98.0
0.7319884726224783,8.22000000000003,7.03000000000003,9.27000000000004,1003.0,97.0,3.54,85.0,2.0,81.0
0.6426512968299711,8.22000000000003,7.03000000000003,9.27000000000004,1003.0,97.0,3.54,85.0,2.0,93.0
0.760806916426513,8.77000000000004,5.66000000000003,10.49,1000.0,97.0,1.61,261.0,1.0,97.0
0.7002881844380403,8.77000000000004,5.66000000000003,10.49,1000.0,97.0,1.61,261.0,1.0,84.0
0.6801152737752162,9.68000000000001,8.14000000000004,10.49,992.0,98.0,3.09,150.0,1.0,79.0
0.7521613832853026,9.68000000000001,8.14000000000004,10.49,992.0,98.0,3.09,150.0,1.0,75.0
0.7175792507204611,9.25,7.80000000000001,10.37,990.0,83.0,7.72,250.0,1.0,77.0
0.8357348703170029,9.25,7.80000000000001,10.37,990.0,83.0,7.72,250.0,1.0,78.0
0.7723342939481268,9.76000000000005,7.74000000000001,12.6,1002.0,96.0,1.54,100.0,1.0,75.0
0.7809798270893372,9.76000000000005,7.74000000000001,12.6,1002.0,96.0,1.54,100.0,1.0,82.0
0.7118155619596542,13.13,11.93,14.5700000000001,1013.0,95.0,5.14,220.0,1.0,58.0
0.69164265129683,12.22,11.13,13.46,1015.0,93.0,7.72,220.0,1.0,75.0
0.7838616714697406,12.42,10.95,14.18,1018.0,84.0,3.09,180.0,1.0,76.0
0.8213256484149856,12.42,10.95,14.18,1018.0,84.0,3.09,180.0,1.0,76.0
0.7175792507204611,10.6,9.25,11.6,1012.0,90.0,4.12,230.0,1.0,150.0
0.7550432276657061,10.6,9.25,11.6,1012.0,90.0,4.12,230.0,1.0,93.0
0.8270893371757925,9.44,8.07000000000005,10.14,1011.0,82.0,5.14,220.0,1.0,90.0
0.7579250720461095,9.44,8.07000000000005,10.14,1011.0,82.0,5.14,220.0,1.0,72.0
0.8414985590778098,7.05000000000001,5.56,8.73000000000002,998.0,95.0,0.51,0.0,1.0,74.0
0.7636887608069164,7.05000000000001,5.56,8.73000000000002,998.0,95.0,0.51,0.0,1.0,89.0
0.8213256484149856,1.80000000000001,0.379999999999995,3.17000000000002,1012.0,86.0,2.57,250.0,1.0,56.0
0.7694524495677233,1.80000000000001,0.379999999999995,3.17000000000002,1012.0,86.0,2.57,250.0,1.0,81.0
0.7492795389048992,-2.73999999999995,-6.13,1.51000000000005,1020.0,93.0,0.0,0.0,1.0,88.0
0.760806916426513,-2.73999999999995,-6.13,1.51000000000005,1020.0,93.0,0.0,0.0,1.0,80.0
0.7665706051873199,3.79000000000002,1.69,5.97000000000003,1011.0,90.0,4.12,230.0,1.0,83.0
0.7867435158501441,8.38,6.07000000000005,10.14,1007.0,96.0,6.17,210.0,1.0,114.0
0.7175792507204611,8.38,6.07000000000005,10.14,1007.0,96.0,6.17,210.0,1.0,83.0
0.7492795389048992,2.73000000000002,0.610000000000014,5.40000000000003,1003.0,92.0,3.38,268.0,1.0,85.0
0.8040345821325648,2.73000000000002,0.610000000000014,5.40000000000003,1003.0,92.0,3.38,268.0,1.0,78.0
0.8097982708933718,4.63,2.83000000000004,6.78000000000003,1014.0,94.0,0.0,0.0,1.0,74.0
0.8703170028818443,8.88,7.59000000000003,9.93000000000001,1027.0,97.0,0.51,130.0,1.0,95.0
0.7982708933717579,8.88,7.59000000000003,9.93000000000001,1027.0,97.0,0.51,130.0,1.0,81.0
0.8357348703170029,2.54000000000002,-0.769999999999982,4.84000000000003,1040.0,98.0,0.51,0.0,2.0,93.0
0.8674351585014409,2.54000000000002,-0.769999999999982,4.84000000000003,1040.0,98.0,0.51,0.0,2.0,83.0
0.8587896253602305,1.80000000000001,-2.76999999999998,2.62,1041.0,75.0,0.47,344.0,2.0,85.0
0.8011527377521613,-1.39999999999998,-3.76999999999998,2.48000000000002,1037.0,93.0,0.0,0.0,3.0,102.0
0.7492795389048992,-1.39999999999998,-3.76999999999998,2.48000000000002,1037.0,93.0,0.0,0.0,3.0,74.0
0.8357348703170029,1.17000000000002,-1.29999999999995,3.71000000000004,1034.0,92.0,0.51,0.0,1.0,90.0
0.792507204610951,1.17000000000002,-1.29999999999995,3.71000000000004,1034.0,92.0,0.51,0.0,1.0,76.0
0.861671469740634,-1.96999999999997,-3.76999999999998,-0.0499999999999545,1041.0,70.0,2.26,338.0,2.0,71.0
0.7492795389048992,3.87,2.18000000000001,4.89000000000004,1038.0,81.0,1.03,0.0,1.0,93.0
0.760806916426513,4.39000000000004,3.17000000000002,5.40000000000003,1036.0,84.0,0.0,0.0,2.0,76.0
0.8155619596541787,4.39000000000004,3.17000000000002,5.40000000000003,1036.0,84.0,0.0,0.0,2.0,85.0
0.7838616714697406,4.71000000000004,3.29000000000002,5.70000000000005,1032.0,82.0,1.03,90.0,1.0,77.0
0.8818443804034583,6.16000000000003,4.81,6.96000000000004,1007.0,72.0,8.23,270.0,1.0,102.0
0.8155619596541787,6.16000000000003,4.81,6.96000000000004,1007.0,72.0,8.23,270.0,1.0,84.0
0.8904899135446686,9.28000000000003,7.51000000000005,10.7,1019.0,93.0,2.57,220.0,1.0,90.0
0.8213256484149856,3.01000000000005,0.75,5.95000000000005,1025.0,93.0,2.83,224.0,1.0,110.0
0.8501440922190202,8.03000000000003,6.48000000000002,9.39000000000004,1008.0,92.0,6.69,210.0,1.0,87.0
0.7867435158501441,8.03000000000003,6.48000000000002,9.39000000000004,1008.0,92.0,6.69,210.0,1.0,77.0
0.8645533141210374,3.53000000000003,2.03000000000003,5.40000000000003,1024.0,85.0,2.57,240.0,1.0,95.0
0.861671469740634,1.70000000000005,-3.13,8.14000000000004,1030.0,100.0,0.51,0.0,2.0,58.0
0.6974063400576369,4.73000000000002,2.01000000000005,7.08000000000004,1023.0,78.0,3.6,120.0,2.0,92.0
0.7262247838616714,8.64000000000004,6.60000000000002,9.89000000000004,1023.0,89.0,2.57,150.0,1.0,102.0
0.7579250720461095,7.68000000000001,6.48000000000002,8.75,1025.0,95.0,3.09,10.0,1.0,89.0
0.7838616714697406,7.45000000000005,5.92000000000002,9.28000000000003,1020.0,96.0,3.6,110.0,3.0,78.0
0.7953890489913544,7.40000000000003,4.67000000000002,9.25,1013.0,94.0,0.51,0.0,3.0,134.0
0.8184438040345822,5.85000000000002,5.02000000000004,7.59000000000003,1018.0,94.0,3.09,330.0,1.0,93.0
0.7838616714697406,3.98000000000002,1.56,6.24000000000001,1023.0,91.0,3.09,340.0,2.0,73.0
0.7723342939481268,3.98000000000002,1.56,6.24000000000001,1023.0,91.0,3.09,340.0,2.0,85.0
0.8386167146974063,3.66000000000003,2.83000000000004,4.57000000000005,1028.0,76.0,4.12,30.0,1.0,80.0
0.7492795389048992,3.66000000000003,2.83000000000004,4.57000000000005,1028.0,76.0,4.12,30.0,1.0,89.0
0.7636887608069164,3.03000000000003,-1.47999999999996,6.49000000000001,1013.0,76.0,3.6,110.0,2.0,105.0
0.8213256484149856,8.27000000000004,7.58000000000004,9.27000000000004,1015.0,90.0,4.12,160.0,1.0,95.0
0.8155619596541787,10.02,8.86000000000001,10.68,1015.0,80.0,5.9,166.0,1.0,82.0
0.8328530259365994,9.10000000000002,8.16000000000003,9.89000000000004,1004.0,85.0,5.14,130.0,1.0,108.0
0.8270893371757925,8.20000000000005,7.24000000000001,9.25,1003.0,94.0,5.27,191.0,1.0,80.0
0.8414985590778098,2.05000000000001,0.870000000000005,4.5,1022.0,97.0,1.03,360.0,1.0,87.0
0.8731988472622478,9.39000000000004,8.07000000000005,9.93000000000001,1017.0,95.0,2.06,90.0,2.0,73.0
0.8270893371757925,0.920000000000016,-0.109999999999957,3.14000000000004,1030.0,93.0,0.0,0.0,1.0,102.0
0.7867435158501441,2.46000000000004,0.890000000000043,6.59000000000003,1041.0,94.0,0.0,0.0,1.0,74.0
0.7867435158501441,6.76000000000005,4.73000000000002,8.44,1037.0,71.0,2.57,60.0,3.0,114.0
0.7838616714697406,3.13,0.510000000000048,5.40000000000003,1030.0,70.0,5.22,82.0,2.0,82.0
0.8443804034582133,2.86000000000001,0.29000000000002,5.51000000000005,1027.0,66.0,2.67,88.0,4.0,61.0
0.8760806916426513,3.95000000000005,-0.129999999999995,9.28000000000003,1029.0,93.0,0.0,0.0,4.0,104.0
0.8386167146974063,0.78000000000003,-2.13,4.70000000000005,1030.0,93.0,0.0,0.0,4.0,73.0
0.8097982708933718,7.01000000000005,5.55000000000001,7.93000000000001,1033.0,97.0,2.93,71.0,2.0,127.0
0.760806916426513,7.52000000000004,5.30000000000001,8.95000000000005,1024.0,95.0,1.03,200.0,1.0,81.0
0.7377521613832853,1.62,-0.129999999999995,3.73000000000002,1023.0,91.0,1.03,0.0,2.0,86.0
0.7118155619596542,5.91000000000003,4.73000000000002,7.62,1016.0,90.0,5.66,220.0,2.0,101.0
0.7204610951008645,10.26,9.23000000000002,11.22,1011.0,88.0,3.09,270.0,1.0,76.0
0.8328530259365994,10.33,9.30000000000001,11.05,1002.0,86.0,8.23,220.0,2.0,120.0
0.8155619596541787,7.30000000000001,5.90000000000003,8.17000000000002,987.0,87.0,4.63,240.0,2.0,74.0
0.8011527377521613,3.48000000000002,1.96000000000004,5.67000000000002,998.0,82.0,0.89,66.0,1.0,106.0
0.7146974063400576,0.970000000000027,-0.599999999999966,3.44,1015.0,89.0,0.89,338.0,1.0,95.0
0.8242074927953891,2.55000000000001,0.890000000000043,6.37,1020.0,93.0,0.0,0.0,1.0,103.0
0.9164265129682997,6.82000000000005,3.67000000000002,9.28000000000003,1010.0,76.0,2.68,98.0,2.0,84.0
0.8559077809798271,10.54,8.71000000000004,12.06,1003.0,80.0,1.54,70.0,1.0,83.0
0.8328530259365994,10.48,9.30000000000001,11.0700000000001,1014.0,94.0,1.03,0.0,2.0,100.0
0.8559077809798271,7.40000000000003,4.82000000000005,9.25,1022.0,93.0,1.12,234.0,3.0,83.0
0.8011527377521613,6.54000000000002,6.07000000000005,7.28000000000003,1025.0,91.0,0.84,98.0,2.0,102.0
0.7665706051873199,6.73000000000002,4.89000000000004,10.8200000000001,1030.0,93.0,0.0,0.0,2.0,98.0
0.7838616714697406,6.92000000000002,3.89000000000004,10.51,1024.0,97.0,0.51,0.0,3.0,76.0
0.7262247838616714,8.68000000000001,7.73000000000002,10.51,1019.0,89.0,2.06,270.0,1.0,90.0
0.8789625360230547,3.82000000000005,0.870000000000005,6.59000000000003,1016.0,90.0,0.51,0.0,1.0,89.0
0.792507204610951,7.15000000000003,5.94,8.27000000000004,1017.0,89.0,4.63,10.0,4.0,82.0
0.8270893371757925,6.79000000000002,5.05000000000001,8.73000000000002,1012.0,78.0,2.57,360.0,3.0,95.0
0.7752161383285303,8.23000000000002,7.51000000000005,9.28000000000003,1007.0,80.0,2.06,30.0,2.0,98.0
0.8097982708933718,8.24000000000001,6.62,9.84000000000003,1006.0,87.0,6.69,34.0,2.0,87.0
0.8213256484149856,4.83000000000004,3.29000000000002,7.06,1014.0,85.0,2.06,10.0,2.0,79.0
0.7146974063400576,4.15000000000003,1.60000000000002,7.07000000000005,1026.0,83.0,2.24,68.0,2.0,97.0
0.7780979827089337,4.06,2.09000000000003,6.48000000000002,1031.0,85.0,0.51,20.0,2.0,86.0
0.7982708933717579,2.43000000000001,0.870000000000005,5.95000000000005,1031.0,80.0,0.45,33.0,2.0,88.0
0.7002881844380403,10.88,9.96000000000004,12.6,1024.0,75.0,0.51,0.0,2.0,111.0
0.7521613832853026,9.13,8.29000000000002,9.95000000000005,1021.0,92.0,0.0,0.0,2.0,62.0
0.8040345821325648,9.91000000000003,8.71000000000004,11.51,1020.0,86.0,0.51,20.0,2.0,100.0
0.7867435158501441,10.55,9.82000000000005,11.51,1019.0,92.0,0.0,0.0,2.0,57.0
0.7953890489913544,11.5,10.52,13.14,1025.0,87.0,1.03,0.0,1.0,74.0
0.7204610951008645,10.38,8.59000000000003,11.69,1029.0,89.0,1.03,0.0,1.0,86.0
0.8097982708933718,5.92000000000002,3.87,9.28000000000003,1025.0,93.0,0.0,0.0,1.0,73.0
0.7089337175792507,5.86000000000001,3.89000000000004,8.44,1019.0,90.0,0.0,0.0,1.0,89.0
0.7406340057636888,8.14000000000004,6.87,10.34,1022.0,90.0,0.0,0.0,1.0,65.0
0.7463976945244957,11.54,9.18000000000001,13.75,1019.0,94.0,0.51,70.0,2.0,91.0
0.8155619596541787,10.08,8.84000000000003,12.33,1021.0,95.0,0.0,0.0,1.0,90.0
0.8242074927953891,11.79,10.29,13.7,1018.0,93.0,2.46,290.0,1.0,84.0
0.7348703170028819,11.77,10.94,12.71,1019.0,91.0,1.54,160.0,1.0,85.0
0.7406340057636888,10.83,9.73000000000002,12.62,1022.0,93.0,2.06,220.0,1.0,91.0
0.69164265129683,9.58000000000004,7.80000000000001,12.06,1016.0,92.0,0.85,168.0,1.0,75.0
0.8126801152737753,10.52,8.87,13.7,1005.0,86.0,0.89,248.0,1.0,77.0
0.8184438040345822,9.49000000000001,8.35000000000002,10.37,1004.0,90.0,2.06,260.0,1.0,100.0
0.729106628242075,13.75,12.56,14.89,1025.0,86.0,1.54,300.0,1.0,89.0
